{
  "main": {
    "agq-CM": {
      "identity": {
        "version": {
          "_cldrVersion": "26",
          "_number": "$Revision: 10669 $"
        },
        "generation": {
          "_date": "$Date: 2014-07-23 16:10:33 -0500 (Wed, 23 Jul 2014) $"
        },
        "language": "agq",
        "territory": "CM"
      },
      "dates": {
        "calendars": {
          "coptic": {
            "months": {
              "format": {
                "abbreviated": {
                  "1": "Tout",
                  "2": "Baba",
                  "3": "Hator",
                  "4": "Kiahk",
                  "5": "Toba",
                  "6": "Amshir",
                  "7": "Baramhat",
                  "8": "Baramouda",
                  "9": "Bashans",
                  "10": "Paona",
                  "11": "Epep",
                  "12": "Mesra",
                  "13": "Nasie"
                },
                "narrow": {
                  "1": "1",
                  "2": "2",
                  "3": "3",
                  "4": "4",
                  "5": "5",
                  "6": "6",
                  "7": "7",
                  "8": "8",
                  "9": "9",
                  "10": "10",
                  "11": "11",
                  "12": "12",
                  "13": "13"
                },
                "wide": {
                  "1": "Tout",
                  "2": "Baba",
                  "3": "Hator",
                  "4": "Kiahk",
                  "5": "Toba",
                  "6": "Amshir",
                  "7": "Baramhat",
                  "8": "Baramouda",
                  "9": "Bashans",
                  "10": "Paona",
                  "11": "Epep",
                  "12": "Mesra",
                  "13": "Nasie"
                }
              },
              "stand-alone": {
                "abbreviated": {
                  "1": "Tout",
                  "2": "Baba",
                  "3": "Hator",
                  "4": "Kiahk",
                  "5": "Toba",
                  "6": "Amshir",
                  "7": "Baramhat",
                  "8": "Baramouda",
                  "9": "Bashans",
                  "10": "Paona",
                  "11": "Epep",
                  "12": "Mesra",
                  "13": "Nasie"
                },
                "narrow": {
                  "1": "1",
                  "2": "2",
                  "3": "3",
                  "4": "4",
                  "5": "5",
                  "6": "6",
                  "7": "7",
                  "8": "8",
                  "9": "9",
                  "10": "10",
                  "11": "11",
                  "12": "12",
                  "13": "13"
                },
                "wide": {
                  "1": "Tout",
                  "2": "Baba",
                  "3": "Hator",
                  "4": "Kiahk",
                  "5": "Toba",
                  "6": "Amshir",
                  "7": "Baramhat",
                  "8": "Baramouda",
                  "9": "Bashans",
                  "10": "Paona",
                  "11": "Epep",
                  "12": "Mesra",
                  "13": "Nasie"
                }
              }
            },
            "days": {
              "format": {
                "abbreviated": {
                  "sun": "nts",
                  "mon": "kpa",
                  "tue": "ghɔ",
                  "wed": "tɔm",
                  "thu": "ume",
                  "fri": "ghɨ",
                  "sat": "dzk"
                },
                "narrow": {
                  "sun": "n",
                  "mon": "k",
                  "tue": "g",
                  "wed": "t",
                  "thu": "u",
                  "fri": "g",
                  "sat": "d"
                },
                "short": {
                  "sun": "nts",
                  "mon": "kpa",
                  "tue": "ghɔ",
                  "wed": "tɔm",
                  "thu": "ume",
                  "fri": "ghɨ",
                  "sat": "dzk"
                },
                "wide": {
                  "sun": "tsuʔntsɨ",
                  "mon": "tsuʔukpà",
                  "tue": "tsuʔughɔe",
                  "wed": "tsuʔutɔ̀mlò",
                  "thu": "tsuʔumè",
                  "fri": "tsuʔughɨ̂m",
                  "sat": "tsuʔndzɨkɔʔɔ"
                }
              },
              "stand-alone": {
                "abbreviated": {
                  "sun": "nts",
                  "mon": "kpa",
                  "tue": "ghɔ",
                  "wed": "tɔm",
                  "thu": "ume",
                  "fri": "ghɨ",
                  "sat": "dzk"
                },
                "narrow": {
                  "sun": "n",
                  "mon": "k",
                  "tue": "g",
                  "wed": "t",
                  "thu": "u",
                  "fri": "g",
                  "sat": "d"
                },
                "short": {
                  "sun": "nts",
                  "mon": "kpa",
                  "tue": "ghɔ",
                  "wed": "tɔm",
                  "thu": "ume",
                  "fri": "ghɨ",
                  "sat": "dzk"
                },
                "wide": {
                  "sun": "tsuʔntsɨ",
                  "mon": "tsuʔukpà",
                  "tue": "tsuʔughɔe",
                  "wed": "tsuʔutɔ̀mlò",
                  "thu": "tsuʔumè",
                  "fri": "tsuʔughɨ̂m",
                  "sat": "tsuʔndzɨkɔʔɔ"
                }
              }
            },
            "quarters": {
              "format": {
                "abbreviated": {
                  "1": "kɨbâ kɨ 1",
                  "2": "ugbâ u 2",
                  "3": "ugbâ u 3",
                  "4": "ugbâ u 4"
                },
                "narrow": {
                  "1": "1",
                  "2": "2",
                  "3": "3",
                  "4": "4"
                },
                "wide": {
                  "1": "kɨbâ kɨ 1",
                  "2": "ugbâ u 2",
                  "3": "ugbâ u 3",
                  "4": "ugbâ u 4"
                }
              },
              "stand-alone": {
                "abbreviated": {
                  "1": "kɨbâ kɨ 1",
                  "2": "ugbâ u 2",
                  "3": "ugbâ u 3",
                  "4": "ugbâ u 4"
                },
                "narrow": {
                  "1": "1",
                  "2": "2",
                  "3": "3",
                  "4": "4"
                },
                "wide": {
                  "1": "kɨbâ kɨ 1",
                  "2": "ugbâ u 2",
                  "3": "ugbâ u 3",
                  "4": "ugbâ u 4"
                }
              }
            },
            "dayPeriods": {
              "format": {
                "abbreviated": {
                  "am": "a.g",
                  "noon": "noon",
                  "pm": "a.k"
                },
                "narrow": {
                  "am": "a",
                  "noon": "n",
                  "pm": "p"
                },
                "wide": {
                  "am": "a.g",
                  "noon": "noon",
                  "pm": "a.k"
                }
              },
              "stand-alone": {
                "abbreviated": {
                  "am": "a.g",
                  "noon": "noon",
                  "pm": "a.k"
                },
                "narrow": {
                  "am": "a",
                  "noon": "n",
                  "pm": "p"
                },
                "wide": {
                  "am": "a.g",
                  "noon": "noon",
                  "pm": "a.k"
                }
              }
            },
            "eras": {
              "eraNames": {
                "0": "ERA0",
                "1": "ERA1"
              },
              "eraAbbr": {
                "0": "ERA0",
                "1": "ERA1"
              },
              "eraNarrow": {
                "0": "ERA0",
                "1": "ERA1"
              }
            },
            "dateFormats": {
              "full": "EEEE d MMMM y G",
              "long": "d MMMM y G",
              "medium": "d MMM, y G",
              "short": "d/M/y GGGGG"
            },
            "timeFormats": {
              "full": "HH:mm:ss zzzz",
              "long": "HH:mm:ss z",
              "medium": "HH:mm:ss",
              "short": "HH:mm"
            },
            "dateTimeFormats": {
              "full": "{1} {0}",
              "long": "{1} {0}",
              "medium": "{1} {0}",
              "short": "{1} {0}",
              "availableFormats": {
                "E": "ccc",
                "EHm": "E HH:mm",
                "EHms": "E HH:mm:ss",
                "Ed": "d E",
                "Ehm": "E h:mm a",
                "Ehms": "E h:mm:ss a",
                "Gy": "G y",
                "GyMMM": "G y MMM",
                "GyMMMEd": "G y MMM d, E",
                "GyMMMd": "G y MMM d",
                "H": "HH",
                "Hm": "HH:mm",
                "Hms": "HH:mm:ss",
                "M": "L",
                "MEd": "E d/M",
                "MMM": "LLL",
                "MMMEd": "E d MMM",
                "MMMd": "d MMM",
                "Md": "d/M",
                "d": "d",
                "h": "h a",
                "hm": "h:mm a",
                "hms": "h:mm:ss a",
                "ms": "m:ss",
                "y": "y",
                "yM": "M/y",
                "yMEd": "E d/M/y",
                "yMMM": "MMM y",
                "yMMMEd": "E d MMM y",
                "yMMMd": "d MMM y",
                "yMd": "d/M/y",
                "yQQQ": "QQQ y",
                "yQQQQ": "QQQQ y",
                "yyyy": "G y",
                "yyyyM": "GGGGG y-MM",
                "yyyyMEd": "GGGGG y-MM-dd, E",
                "yyyyMMM": "G y MMM",
                "yyyyMMMEd": "G y MMM d, E",
                "yyyyMMMd": "G y MMM d",
                "yyyyMd": "GGGGG y-MM-dd",
                "yyyyQQQ": "G y QQQ",
                "yyyyQQQQ": "G y QQQQ"
              },
              "appendItems": {
                "Day": "{0} ({2}: {1})",
                "Day-Of-Week": "{0} {1}",
                "Era": "{1} {0}",
                "Hour": "{0} ({2}: {1})",
                "Minute": "{0} ({2}: {1})",
                "Month": "{0} ({2}: {1})",
                "Quarter": "{0} ({2}: {1})",
                "Second": "{0} ({2}: {1})",
                "Timezone": "{0} {1}",
                "Week": "{0} ({2}: {1})",
                "Year": "{1} {0}"
              },
              "intervalFormats": {
                "intervalFormatFallback": "{0} – {1}",
                "H": {
                  "H": "HH–HH"
                },
                "Hm": {
                  "H": "HH:mm–HH:mm",
                  "m": "HH:mm–HH:mm"
                },
                "Hmv": {
                  "H": "HH:mm–HH:mm v",
                  "m": "HH:mm–HH:mm v"
                },
                "Hv": {
                  "H": "HH–HH v"
                },
                "M": {
                  "M": "MM–MM"
                },
                "MEd": {
                  "M": "MM-dd, E – MM-dd, E",
                  "d": "MM-dd, E – MM-dd, E"
                },
                "MMM": {
                  "M": "LLL–LLL"
                },
                "MMMEd": {
                  "M": "MMM d, E – MMM d, E",
                  "d": "MMM d, E – MMM d, E"
                },
                "MMMd": {
                  "M": "MMM d – MMM d",
                  "d": "MMM d–d"
                },
                "Md": {
                  "M": "MM-dd – MM-dd",
                  "d": "MM-dd – MM-dd"
                },
                "d": {
                  "d": "d–d"
                },
                "h": {
                  "a": "h a – h a",
                  "h": "h–h a"
                },
                "hm": {
                  "a": "h:mm a – h:mm a",
                  "h": "h:mm–h:mm a",
                  "m": "h:mm–h:mm a"
                },
                "hmv": {
                  "a": "h:mm a – h:mm a v",
                  "h": "h:mm–h:mm a v",
                  "m": "h:mm–h:mm a v"
                },
                "hv": {
                  "a": "h a – h a v",
                  "h": "h–h a v"
                },
                "y": {
                  "y": "G y–y"
                },
                "yM": {
                  "M": "GGGGG y-MM – y-MM",
                  "y": "GGGGG y-MM – y-MM"
                },
                "yMEd": {
                  "M": "GGGGG y-MM-dd, E – y-MM-dd, E",
                  "d": "GGGGG y-MM-dd, E – y-MM-dd, E",
                  "y": "GGGGG y-MM-dd, E – y-MM-dd, E"
                },
                "yMMM": {
                  "M": "G y MMM–MMM",
                  "y": "G y MMM – y MMM"
                },
                "yMMMEd": {
                  "M": "G y MMM d, E – MMM d, E",
                  "d": "G y MMM d, E – MMM d, E",
                  "y": "G y MMM d, E – y MMM d, E"
                },
                "yMMMM": {
                  "M": "G y MMMM–MMMM",
                  "y": "G y MMMM – y MMMM"
                },
                "yMMMd": {
                  "M": "G y MMM d – MMM d",
                  "d": "G y MMM d–d",
                  "y": "G y MMM d – y MMM d"
                },
                "yMd": {
                  "M": "GGGGG y-MM-dd – y-MM-dd",
                  "d": "GGGGG y-MM-dd – y-MM-dd",
                  "y": "GGGGG y-MM-dd – y-MM-dd"
                }
              }
            }
          }
        }
      }
    }
  }
}
