{
  "main": {
    "ca": {
      "identity": {
        "version": {
          "_cldrVersion": "26",
          "_number": "$Revision: 10809 $"
        },
        "generation": {
          "_date": "$Date: 2014-08-14 15:10:07 -0500 (Thu, 14 Aug 2014) $"
        },
        "language": "ca"
      },
      "dates": {
        "fields": {
          "era": {
            "displayName": "era"
          },
          "year": {
            "displayName": "any",
            "relative-type--1": "l’any passat",
            "relative-type-0": "enguany",
            "relative-type-1": "l’any que ve",
            "relativeTime-type-future": {
              "relativeTimePattern-count-one": "d’aquí a {0} any",
              "relativeTimePattern-count-other": "d’aquí a {0} anys"
            },
            "relativeTime-type-past": {
              "relativeTimePattern-count-one": "fa {0} any",
              "relativeTimePattern-count-other": "fa {0} anys"
            }
          },
          "year-short": {
            "displayName": "any",
            "relative-type--1": "l’any passat",
            "relative-type-0": "enguany",
            "relative-type-1": "l’any que ve",
            "relativeTime-type-future": {
              "relativeTimePattern-count-one": "d’aquí a {0} any",
              "relativeTimePattern-count-other": "d’aquí a {0} anys"
            },
            "relativeTime-type-past": {
              "relativeTimePattern-count-one": "fa {0} any",
              "relativeTimePattern-count-other": "fa {0} anys"
            }
          },
          "year-narrow": {
            "displayName": "any",
            "relative-type--1": "l’any passat",
            "relative-type-0": "enguany",
            "relative-type-1": "l’any que ve",
            "relativeTime-type-future": {
              "relativeTimePattern-count-one": "en {0} any",
              "relativeTimePattern-count-other": "en {0} anys"
            },
            "relativeTime-type-past": {
              "relativeTimePattern-count-one": "fa {0} any",
              "relativeTimePattern-count-other": "fa {0} anys"
            }
          },
          "quarter": {
            "displayName": "trimestre",
            "relative-type--1": "last quarter",
            "relative-type-0": "this quarter",
            "relative-type-1": "next quarter",
            "relativeTime-type-future": {
              "relativeTimePattern-count-one": "d’aquí a {0} trimestre",
              "relativeTimePattern-count-other": "d’aquí a {0} trimestres"
            },
            "relativeTime-type-past": {
              "relativeTimePattern-count-one": "fa {0} trimestre",
              "relativeTimePattern-count-other": "fa {0} trimestres"
            }
          },
          "quarter-short": {
            "displayName": "trim.",
            "relative-type--1": "last quarter",
            "relative-type-0": "this quarter",
            "relative-type-1": "next quarter",
            "relativeTime-type-future": {
              "relativeTimePattern-count-one": "d’aquí a {0} trim.",
              "relativeTimePattern-count-other": "d’aquí a {0} trim."
            },
            "relativeTime-type-past": {
              "relativeTimePattern-count-one": "fa {0} trim.",
              "relativeTimePattern-count-other": "fa {0} trim."
            }
          },
          "quarter-narrow": {
            "displayName": "T",
            "relative-type--1": "last quarter",
            "relative-type-0": "this quarter",
            "relative-type-1": "next quarter",
            "relativeTime-type-future": {
              "relativeTimePattern-count-one": "en {0} trim.",
              "relativeTimePattern-count-other": "en {0} trim."
            },
            "relativeTime-type-past": {
              "relativeTimePattern-count-one": "fa {0} trim.",
              "relativeTimePattern-count-other": "fa {0} trim."
            }
          },
          "month": {
            "displayName": "mes",
            "relative-type--1": "el mes passat",
            "relative-type-0": "aquest mes",
            "relative-type-1": "el mes que ve",
            "relativeTime-type-future": {
              "relativeTimePattern-count-one": "d’aquí a {0} mes",
              "relativeTimePattern-count-other": "d’aquí a {0} mesos"
            },
            "relativeTime-type-past": {
              "relativeTimePattern-count-one": "fa {0} mes",
              "relativeTimePattern-count-other": "fa {0} mesos"
            }
          },
          "month-short": {
            "displayName": "mes",
            "relative-type--1": "el mes passat",
            "relative-type-0": "aquest mes",
            "relative-type-1": "el mes que ve",
            "relativeTime-type-future": {
              "relativeTimePattern-count-one": "d’aquí a {0} mes",
              "relativeTimePattern-count-other": "d’aquí a {0} mesos"
            },
            "relativeTime-type-past": {
              "relativeTimePattern-count-one": "fa {0} mes",
              "relativeTimePattern-count-other": "fa {0} mesos"
            }
          },
          "month-narrow": {
            "displayName": "mes",
            "relative-type--1": "el mes passat",
            "relative-type-0": "aquest mes",
            "relative-type-1": "el mes que ve",
            "relativeTime-type-future": {
              "relativeTimePattern-count-one": "en {0} mes",
              "relativeTimePattern-count-other": "en {0} mesos"
            },
            "relativeTime-type-past": {
              "relativeTimePattern-count-one": "fa {0} mes",
              "relativeTimePattern-count-other": "fa {0} mesos"
            }
          },
          "week": {
            "displayName": "setmana",
            "relative-type--1": "la setmana passada",
            "relative-type-0": "aquesta setmana",
            "relative-type-1": "la setmana que ve",
            "relativeTime-type-future": {
              "relativeTimePattern-count-one": "d’aquí a {0} setmana",
              "relativeTimePattern-count-other": "d’aquí a {0} setmanes"
            },
            "relativeTime-type-past": {
              "relativeTimePattern-count-one": "fa {0} setmana",
              "relativeTimePattern-count-other": "fa {0} setmanes"
            }
          },
          "week-short": {
            "displayName": "setm.",
            "relative-type--1": "la setmana passada",
            "relative-type-0": "aquesta setmana",
            "relative-type-1": "la setmana que ve",
            "relativeTime-type-future": {
              "relativeTimePattern-count-one": "d’aquí a {0} setm.",
              "relativeTimePattern-count-other": "d’aquí a {0} setm."
            },
            "relativeTime-type-past": {
              "relativeTimePattern-count-one": "fa {0} setm.",
              "relativeTimePattern-count-other": "fa {0} setm."
            }
          },
          "week-narrow": {
            "displayName": "setm.",
            "relative-type--1": "la setmana passada",
            "relative-type-0": "aquesta setmana",
            "relative-type-1": "la setmana que ve",
            "relativeTime-type-future": {
              "relativeTimePattern-count-one": "en {0} setm.",
              "relativeTimePattern-count-other": "en {0} setm."
            },
            "relativeTime-type-past": {
              "relativeTimePattern-count-one": "fa {0} setm.",
              "relativeTimePattern-count-other": "fa {0} setm."
            }
          },
          "day": {
            "displayName": "dia",
            "relative-type--1": "ahir",
            "relative-type--2": "abans-d’ahir",
            "relative-type-0": "avui",
            "relative-type-1": "demà",
            "relative-type-2": "demà passat",
            "relativeTime-type-future": {
              "relativeTimePattern-count-one": "d’aquí a {0} dia",
              "relativeTimePattern-count-other": "d’aquí a {0} dies"
            },
            "relativeTime-type-past": {
              "relativeTimePattern-count-one": "fa {0} dia",
              "relativeTimePattern-count-other": "fa {0} dies"
            }
          },
          "day-short": {
            "displayName": "dia",
            "relative-type--1": "ahir",
            "relative-type--2": "abans-d’ahir",
            "relative-type-0": "avui",
            "relative-type-1": "demà",
            "relative-type-2": "demà passat",
            "relativeTime-type-future": {
              "relativeTimePattern-count-one": "d’aquí a {0} dia",
              "relativeTimePattern-count-other": "d’aquí a {0} dies"
            },
            "relativeTime-type-past": {
              "relativeTimePattern-count-one": "fa {0} dia",
              "relativeTimePattern-count-other": "fa {0} dies"
            }
          },
          "day-narrow": {
            "displayName": "dia",
            "relative-type--1": "ahir",
            "relative-type--2": "abans-d’ahir",
            "relative-type-0": "avui",
            "relative-type-1": "demà",
            "relative-type-2": "demà passat",
            "relativeTime-type-future": {
              "relativeTimePattern-count-one": "d’aquí a {0} dia",
              "relativeTimePattern-count-other": "d’aquí a {0} dies"
            },
            "relativeTime-type-past": {
              "relativeTimePattern-count-one": "fa {0} dia",
              "relativeTimePattern-count-other": "fa {0} dies"
            }
          },
          "weekday": {
            "displayName": "dia de la setmana"
          },
          "sun": {
            "relative-type--1": "diumenge passat",
            "relative-type-0": "aquest diumenge",
            "relative-type-1": "diumenge que ve"
          },
          "sun-short": {
            "relative-type--1": "dg. passat",
            "relative-type-0": "aquest dg.",
            "relative-type-1": "dg. que ve"
          },
          "sun-narrow": {
            "relative-type--1": "dg. passat",
            "relative-type-0": "aquest dg.",
            "relative-type-1": "dg. que ve"
          },
          "mon": {
            "relative-type--1": "dilluns passat",
            "relative-type-0": "aquest dilluns",
            "relative-type-1": "dilluns que ve"
          },
          "mon-short": {
            "relative-type--1": "dl. passat",
            "relative-type-0": "aquest dl.",
            "relative-type-1": "dl. que ve"
          },
          "mon-narrow": {
            "relative-type--1": "dl. passat",
            "relative-type-0": "aquest dl.",
            "relative-type-1": "dl. que ve"
          },
          "tue": {
            "relative-type--1": "dimarts passat",
            "relative-type-0": "aquest dimarts",
            "relative-type-1": "dimarts que ve"
          },
          "tue-short": {
            "relative-type--1": "dm. passat",
            "relative-type-0": "aquest dm.",
            "relative-type-1": "dm. que ve"
          },
          "tue-narrow": {
            "relative-type--1": "dm. passat",
            "relative-type-0": "aquest dm.",
            "relative-type-1": "dm. que ve"
          },
          "wed": {
            "relative-type--1": "dimecres passat",
            "relative-type-0": "aquest dimecres",
            "relative-type-1": "dimecres que ve"
          },
          "wed-short": {
            "relative-type--1": "dc. passat",
            "relative-type-0": "aquest dc.",
            "relative-type-1": "dc. que ve"
          },
          "wed-narrow": {
            "relative-type--1": "dc. passat",
            "relative-type-0": "aquest dc.",
            "relative-type-1": "dc. que ve"
          },
          "thu": {
            "relative-type--1": "dijous passat",
            "relative-type-0": "aquest dijous",
            "relative-type-1": "dijous que ve"
          },
          "thu-short": {
            "relative-type--1": "dj. passat",
            "relative-type-0": "aquest dj.",
            "relative-type-1": "dj. que ve"
          },
          "thu-narrow": {
            "relative-type--1": "dj. passat",
            "relative-type-0": "aquest dj.",
            "relative-type-1": "dj. que ve"
          },
          "fri": {
            "relative-type--1": "divendres passat",
            "relative-type-0": "aquest divendres",
            "relative-type-1": "divendres que ve"
          },
          "fri-short": {
            "relative-type--1": "dv. passat",
            "relative-type-0": "aquest dv.",
            "relative-type-1": "dv. que ve"
          },
          "fri-narrow": {
            "relative-type--1": "dv. passat",
            "relative-type-0": "aquest dv.",
            "relative-type-1": "dv. que ve"
          },
          "sat": {
            "relative-type--1": "dissabte passat",
            "relative-type-0": "aquest dissabte",
            "relative-type-1": "dissabte que ve"
          },
          "sat-short": {
            "relative-type--1": "ds. passat",
            "relative-type-0": "aquest ds.",
            "relative-type-1": "ds. que ve"
          },
          "sat-narrow": {
            "relative-type--1": "ds. passat",
            "relative-type-0": "aquest ds.",
            "relative-type-1": "ds. que ve"
          },
          "dayperiod": {
            "displayName": "a. m./p. m."
          },
          "hour": {
            "displayName": "hora",
            "relativeTime-type-future": {
              "relativeTimePattern-count-one": "d’aquí a {0} hora",
              "relativeTimePattern-count-other": "d’aquí {0} hores"
            },
            "relativeTime-type-past": {
              "relativeTimePattern-count-one": "fa {0} hora",
              "relativeTimePattern-count-other": "fa {0} hores"
            }
          },
          "hour-short": {
            "displayName": "h",
            "relativeTime-type-future": {
              "relativeTimePattern-count-one": "d’aquí a {0} h",
              "relativeTimePattern-count-other": "d’aquí {0} hores"
            },
            "relativeTime-type-past": {
              "relativeTimePattern-count-one": "fa {0} h",
              "relativeTimePattern-count-other": "fa {0} h"
            }
          },
          "hour-narrow": {
            "displayName": "h",
            "relativeTime-type-future": {
              "relativeTimePattern-count-one": "d‘aquí a {0} h",
              "relativeTimePattern-count-other": "d‘aquí a {0} h"
            },
            "relativeTime-type-past": {
              "relativeTimePattern-count-one": "fa {0} h",
              "relativeTimePattern-count-other": "fa {0} h"
            }
          },
          "minute": {
            "displayName": "minut",
            "relativeTime-type-future": {
              "relativeTimePattern-count-one": "d’aquí a {0} minut",
              "relativeTimePattern-count-other": "d’aquí a {0} minuts"
            },
            "relativeTime-type-past": {
              "relativeTimePattern-count-one": "fa {0} minut",
              "relativeTimePattern-count-other": "fa {0} minuts"
            }
          },
          "minute-short": {
            "displayName": "min",
            "relativeTime-type-future": {
              "relativeTimePattern-count-one": "d’aquí a {0} min",
              "relativeTimePattern-count-other": "d’aquí a {0} min"
            },
            "relativeTime-type-past": {
              "relativeTimePattern-count-one": "fa {0} min",
              "relativeTimePattern-count-other": "fa {0} min"
            }
          },
          "minute-narrow": {
            "displayName": "min",
            "relativeTime-type-future": {
              "relativeTimePattern-count-one": "d’aquí a {0} min",
              "relativeTimePattern-count-other": "d’aquí a {0} min"
            },
            "relativeTime-type-past": {
              "relativeTimePattern-count-one": "fa {0} min",
              "relativeTimePattern-count-other": "fa {0} min"
            }
          },
          "second": {
            "displayName": "segon",
            "relative-type-0": "ara",
            "relativeTime-type-future": {
              "relativeTimePattern-count-one": "d’aquí a {0} segon",
              "relativeTimePattern-count-other": "d’aquí a {0} segons"
            },
            "relativeTime-type-past": {
              "relativeTimePattern-count-one": "fa {0} segon",
              "relativeTimePattern-count-other": "fa {0} segons"
            }
          },
          "second-short": {
            "displayName": "s",
            "relative-type-0": "ara",
            "relativeTime-type-future": {
              "relativeTimePattern-count-one": "d’aquí a {0} s",
              "relativeTimePattern-count-other": "d’aquí a {0} s"
            },
            "relativeTime-type-past": {
              "relativeTimePattern-count-one": "fa {0} s",
              "relativeTimePattern-count-other": "fa {0} s"
            }
          },
          "second-narrow": {
            "displayName": "s",
            "relative-type-0": "ara",
            "relativeTime-type-future": {
              "relativeTimePattern-count-one": "d’aquí a {0} s",
              "relativeTimePattern-count-other": "d’aquí a {0} s"
            },
            "relativeTime-type-past": {
              "relativeTimePattern-count-one": "fa {0} s",
              "relativeTimePattern-count-other": "fa {0} s"
            }
          },
          "zone": {
            "displayName": "zona"
          }
        }
      }
    }
  }
}
