{
  "main": {
    "ca": {
      "identity": {
        "version": {
          "_cldrVersion": "26",
          "_number": "$Revision: 10809 $"
        },
        "generation": {
          "_date": "$Date: 2014-08-14 15:10:07 -0500 (Thu, 14 Aug 2014) $"
        },
        "language": "ca"
      },
      "units": {
        "long": {
          "per": {
            "compoundUnitPattern": "{0} per {1}"
          },
          "acceleration-g-force": {
            "displayName": "força G",
            "unitPattern-count-one": "{0} força G",
            "unitPattern-count-other": "{0} força G"
          },
          "acceleration-meter-per-second-squared": {
            "displayName": "metres per segon al quadrat",
            "unitPattern-count-one": "{0} metre per segon al quadrat",
            "unitPattern-count-other": "{0} metres per segon al quadrat"
          },
          "angle-arc-minute": {
            "displayName": "minuts d’arc",
            "unitPattern-count-one": "{0} minut d'arc",
            "unitPattern-count-other": "{0} minuts d'arc"
          },
          "angle-arc-second": {
            "displayName": "segons d’arc",
            "unitPattern-count-one": "{0} segon",
            "unitPattern-count-other": "{0} segons"
          },
          "angle-degree": {
            "displayName": "graus",
            "unitPattern-count-one": "{0} grau",
            "unitPattern-count-other": "{0} graus"
          },
          "angle-radian": {
            "displayName": "radiant",
            "unitPattern-count-one": "{0} radiant",
            "unitPattern-count-other": "{0} radiants"
          },
          "area-acre": {
            "displayName": "acres",
            "unitPattern-count-one": "{0} acre",
            "unitPattern-count-other": "{0} acres"
          },
          "area-hectare": {
            "displayName": "hectàrees",
            "unitPattern-count-one": "{0} hectàrea",
            "unitPattern-count-other": "{0} hectàrees"
          },
          "area-square-centimeter": {
            "displayName": "centímetres quadrats",
            "unitPattern-count-one": "{0} centímetre quadrat",
            "unitPattern-count-other": "{0} centímetres quadrats"
          },
          "area-square-foot": {
            "displayName": "peus quadrats",
            "unitPattern-count-one": "{0} peu quadrat",
            "unitPattern-count-other": "{0} peus quadrats"
          },
          "area-square-inch": {
            "displayName": "polzades quadrades",
            "unitPattern-count-one": "{0} polzada quadrada",
            "unitPattern-count-other": "{0} polzades quadrades"
          },
          "area-square-kilometer": {
            "displayName": "quilòmetres quadrats",
            "unitPattern-count-one": "{0} quilòmetre quadrat",
            "unitPattern-count-other": "{0} quilòmetres quadrats"
          },
          "area-square-meter": {
            "displayName": "metres quadrats",
            "unitPattern-count-one": "{0} metre quadrat",
            "unitPattern-count-other": "{0} metres quadrats"
          },
          "area-square-mile": {
            "displayName": "milles quadrades",
            "unitPattern-count-one": "{0} milla quadrada",
            "unitPattern-count-other": "{0} milles quadrades"
          },
          "area-square-yard": {
            "displayName": "iardes quadrades",
            "unitPattern-count-one": "{0} iarda quadrada",
            "unitPattern-count-other": "{0} iardes quadrades"
          },
          "consumption-liter-per-kilometer": {
            "displayName": "litres per quilòmetre",
            "unitPattern-count-one": "{0} litre per quilòmetre",
            "unitPattern-count-other": "{0} litres per quilòmetre"
          },
          "consumption-mile-per-gallon": {
            "displayName": "milles per galó",
            "unitPattern-count-one": "{0} milla per galó",
            "unitPattern-count-other": "{0} milles per galó"
          },
          "digital-bit": {
            "displayName": "bit",
            "unitPattern-count-one": "{0} bit",
            "unitPattern-count-other": "{0} bits"
          },
          "digital-byte": {
            "displayName": "bytes",
            "unitPattern-count-one": "{0} byte",
            "unitPattern-count-other": "{0} bytes"
          },
          "digital-gigabit": {
            "displayName": "gigabits",
            "unitPattern-count-one": "{0} gigabit",
            "unitPattern-count-other": "{0} gigabits"
          },
          "digital-gigabyte": {
            "displayName": "gigabytes",
            "unitPattern-count-one": "{0} gigabyte",
            "unitPattern-count-other": "{0} gigabytes"
          },
          "digital-kilobit": {
            "displayName": "quilobits",
            "unitPattern-count-one": "{0} quilobit",
            "unitPattern-count-other": "{0} quilobits"
          },
          "digital-kilobyte": {
            "displayName": "quilobytes",
            "unitPattern-count-one": "{0} quilobyte",
            "unitPattern-count-other": "{0} quilobytes"
          },
          "digital-megabit": {
            "displayName": "megabit",
            "unitPattern-count-one": "{0} megabit",
            "unitPattern-count-other": "{0} megabits"
          },
          "digital-megabyte": {
            "displayName": "megabyte",
            "unitPattern-count-one": "{0} megabyte",
            "unitPattern-count-other": "{0} megabytes"
          },
          "digital-terabit": {
            "displayName": "terabits",
            "unitPattern-count-one": "{0} terabit",
            "unitPattern-count-other": "{0} terabits"
          },
          "digital-terabyte": {
            "displayName": "terabytes",
            "unitPattern-count-one": "{0} terabyte",
            "unitPattern-count-other": "{0} terabytes"
          },
          "duration-day": {
            "displayName": "dies",
            "unitPattern-count-one": "{0} dia",
            "unitPattern-count-other": "{0} dies"
          },
          "duration-hour": {
            "displayName": "hores",
            "unitPattern-count-one": "{0} hora",
            "unitPattern-count-other": "{0} hores",
            "perUnitPattern": "{0} per hora"
          },
          "duration-microsecond": {
            "displayName": "microsegon",
            "unitPattern-count-one": "{0} microsegon",
            "unitPattern-count-other": "{0} microsegons"
          },
          "duration-millisecond": {
            "displayName": "mil·lisegons",
            "unitPattern-count-one": "{0} mil·lisegon",
            "unitPattern-count-other": "{0} mil·lisegons"
          },
          "duration-minute": {
            "displayName": "minuts",
            "unitPattern-count-one": "{0} minut",
            "unitPattern-count-other": "{0} minuts"
          },
          "duration-month": {
            "displayName": "mesos",
            "unitPattern-count-one": "{0} mes",
            "unitPattern-count-other": "{0} mesos"
          },
          "duration-nanosecond": {
            "displayName": "nanosegons",
            "unitPattern-count-one": "{0} nanosegon",
            "unitPattern-count-other": "{0} nanosegons"
          },
          "duration-second": {
            "displayName": "segons",
            "unitPattern-count-one": "{0} segon",
            "unitPattern-count-other": "{0} segons",
            "perUnitPattern": "{0} per segon"
          },
          "duration-week": {
            "displayName": "setmanes",
            "unitPattern-count-one": "{0} setmana",
            "unitPattern-count-other": "{0} setmanes"
          },
          "duration-year": {
            "displayName": "anys",
            "unitPattern-count-one": "{0} any",
            "unitPattern-count-other": "{0} anys"
          },
          "electric-ampere": {
            "displayName": "ampere",
            "unitPattern-count-one": "{0} ampere",
            "unitPattern-count-other": "{0} amperes"
          },
          "electric-milliampere": {
            "displayName": "mil·liampere",
            "unitPattern-count-one": "{0} mil·liampere",
            "unitPattern-count-other": "{0} mil·liamperes"
          },
          "electric-ohm": {
            "displayName": "ohms",
            "unitPattern-count-one": "{0} ohm",
            "unitPattern-count-other": "{0} ohms"
          },
          "electric-volt": {
            "displayName": "volt",
            "unitPattern-count-one": "{0} volt",
            "unitPattern-count-other": "{0} volts"
          },
          "energy-calorie": {
            "displayName": "calories",
            "unitPattern-count-one": "{0} caloria",
            "unitPattern-count-other": "{0} calories"
          },
          "energy-foodcalorie": {
            "displayName": "quilocalories",
            "unitPattern-count-one": "{0} quilocaloria",
            "unitPattern-count-other": "{0} quilocalories"
          },
          "energy-joule": {
            "displayName": "joules",
            "unitPattern-count-one": "{0} joule",
            "unitPattern-count-other": "{0} joules"
          },
          "energy-kilocalorie": {
            "displayName": "quilocalories",
            "unitPattern-count-one": "{0} quilocaloria",
            "unitPattern-count-other": "{0} quilocalories"
          },
          "energy-kilojoule": {
            "displayName": "quilojoules",
            "unitPattern-count-one": "{0} quilojoule",
            "unitPattern-count-other": "{0} quilojoules"
          },
          "energy-kilowatt-hour": {
            "displayName": "quilowatts hora",
            "unitPattern-count-one": "{0} quilowatt hora",
            "unitPattern-count-other": "{0} quilowatts hora"
          },
          "frequency-gigahertz": {
            "displayName": "gigahertz",
            "unitPattern-count-one": "{0} gigahertz",
            "unitPattern-count-other": "{0} gigahertz"
          },
          "frequency-hertz": {
            "displayName": "hertz",
            "unitPattern-count-one": "{0} hertz",
            "unitPattern-count-other": "{0} hertz"
          },
          "frequency-kilohertz": {
            "displayName": "quilohertz",
            "unitPattern-count-one": "{0} quilohertz",
            "unitPattern-count-other": "{0} quilohertz"
          },
          "frequency-megahertz": {
            "displayName": "megahertz",
            "unitPattern-count-one": "{0} megahertz",
            "unitPattern-count-other": "{0} megahertz"
          },
          "length-astronomical-unit": {
            "displayName": "unitats astronòmiques",
            "unitPattern-count-one": "{0} unitat astronòmica",
            "unitPattern-count-other": "{0} unitats astronòmiques"
          },
          "length-centimeter": {
            "displayName": "centímetres",
            "unitPattern-count-one": "{0} centímetre",
            "unitPattern-count-other": "{0} centímetres"
          },
          "length-decimeter": {
            "displayName": "decímetres",
            "unitPattern-count-one": "{0} decímetres",
            "unitPattern-count-other": "{0} decímetres"
          },
          "length-fathom": {
            "displayName": "fm",
            "unitPattern-count-other": "{0} fm"
          },
          "length-foot": {
            "displayName": "peus",
            "unitPattern-count-one": "{0} peu",
            "unitPattern-count-other": "{0} peus"
          },
          "length-furlong": {
            "displayName": "fur",
            "unitPattern-count-other": "{0} fur"
          },
          "length-inch": {
            "displayName": "polzades",
            "unitPattern-count-one": "{0} polzada",
            "unitPattern-count-other": "{0} polzades"
          },
          "length-kilometer": {
            "displayName": "quilòmetres",
            "unitPattern-count-one": "{0} quilòmetre",
            "unitPattern-count-other": "{0} quilòmetres"
          },
          "length-light-year": {
            "displayName": "anys llum",
            "unitPattern-count-one": "{0} any llum",
            "unitPattern-count-other": "{0} anys llum"
          },
          "length-meter": {
            "displayName": "metres",
            "unitPattern-count-one": "{0} metre",
            "unitPattern-count-other": "{0} metres"
          },
          "length-micrometer": {
            "displayName": "micròmetres",
            "unitPattern-count-one": "{0} micròmetre",
            "unitPattern-count-other": "{0} micròmetres"
          },
          "length-mile": {
            "displayName": "milles",
            "unitPattern-count-one": "{0} milla",
            "unitPattern-count-other": "{0} milles"
          },
          "length-millimeter": {
            "displayName": "mil·límetres",
            "unitPattern-count-one": "{0} mil·límetre",
            "unitPattern-count-other": "{0} mil·límetres"
          },
          "length-nanometer": {
            "displayName": "nanòmetre",
            "unitPattern-count-one": "{0} nanòmetre",
            "unitPattern-count-other": "{0} nanòmetres"
          },
          "length-nautical-mile": {
            "displayName": "milla nàutica",
            "unitPattern-count-one": "{0} milla nàutica",
            "unitPattern-count-other": "{0} milles nàutiques"
          },
          "length-parsec": {
            "displayName": "parsecs",
            "unitPattern-count-one": "{0} parsec",
            "unitPattern-count-other": "{0} parsecs"
          },
          "length-picometer": {
            "displayName": "picòmetres",
            "unitPattern-count-one": "{0} picòmetre",
            "unitPattern-count-other": "{0} picòmetres"
          },
          "length-yard": {
            "displayName": "iardes",
            "unitPattern-count-one": "{0} iarda",
            "unitPattern-count-other": "{0} iardes"
          },
          "light-lux": {
            "displayName": "lux",
            "unitPattern-count-one": "{0} lux",
            "unitPattern-count-other": "{0} lux"
          },
          "mass-carat": {
            "displayName": "quirat",
            "unitPattern-count-one": "{0} quirat",
            "unitPattern-count-other": "{0} quirats"
          },
          "mass-gram": {
            "displayName": "gram",
            "unitPattern-count-one": "{0} gram",
            "unitPattern-count-other": "{0} grams"
          },
          "mass-kilogram": {
            "displayName": "quilogram",
            "unitPattern-count-one": "{0} quilogram",
            "unitPattern-count-other": "{0} quilograms"
          },
          "mass-metric-ton": {
            "displayName": "tones mètriques",
            "unitPattern-count-one": "{0} tona mètrica",
            "unitPattern-count-other": "{0} tones mètriques"
          },
          "mass-microgram": {
            "displayName": "micrograms",
            "unitPattern-count-one": "{0} microgram",
            "unitPattern-count-other": "{0} micrograms"
          },
          "mass-milligram": {
            "displayName": "mil·ligram",
            "unitPattern-count-one": "{0} mil·ligram",
            "unitPattern-count-other": "{0} mil·ligrams"
          },
          "mass-ounce": {
            "displayName": "unça",
            "unitPattern-count-one": "{0} unça",
            "unitPattern-count-other": "{0} unces"
          },
          "mass-ounce-troy": {
            "displayName": "unça troy",
            "unitPattern-count-one": "{0} unça troy",
            "unitPattern-count-other": "{0} unces troy"
          },
          "mass-pound": {
            "displayName": "lliura",
            "unitPattern-count-one": "{0} lliura",
            "unitPattern-count-other": "{0} lliures"
          },
          "mass-stone": {
            "displayName": "st",
            "unitPattern-count-other": "{0} st"
          },
          "mass-ton": {
            "displayName": "tones",
            "unitPattern-count-one": "{0} tona",
            "unitPattern-count-other": "{0} tones"
          },
          "power-gigawatt": {
            "displayName": "gigawatts",
            "unitPattern-count-one": "{0} gigawatt",
            "unitPattern-count-other": "{0} gigawatts"
          },
          "power-horsepower": {
            "displayName": "cavalls de vapor",
            "unitPattern-count-one": "{0} cavall de vapor",
            "unitPattern-count-other": "{0} cavalls de vapor"
          },
          "power-kilowatt": {
            "displayName": "quilowatts",
            "unitPattern-count-one": "{0} quilowatt",
            "unitPattern-count-other": "{0} quilowatts"
          },
          "power-megawatt": {
            "displayName": "megawatts",
            "unitPattern-count-one": "{0} megawatt",
            "unitPattern-count-other": "{0} megawatts"
          },
          "power-milliwatt": {
            "displayName": "miliwatts",
            "unitPattern-count-one": "{0} miliwatt",
            "unitPattern-count-other": "{0} miliwatts"
          },
          "power-watt": {
            "displayName": "watts",
            "unitPattern-count-one": "{0} watt",
            "unitPattern-count-other": "{0} watts"
          },
          "pressure-hectopascal": {
            "displayName": "hectopascals",
            "unitPattern-count-one": "{0} hectopascal",
            "unitPattern-count-other": "{0} hectopascals"
          },
          "pressure-inch-hg": {
            "displayName": "polzades de mercuri",
            "unitPattern-count-one": "{0} polzada de mercuri",
            "unitPattern-count-other": "{0} polzades de mercuri"
          },
          "pressure-millibar": {
            "displayName": "mil·libars",
            "unitPattern-count-one": "{0} mil·libar",
            "unitPattern-count-other": "{0} mil·libars"
          },
          "pressure-millimeter-of-mercury": {
            "displayName": "mil·límetres de mercuri",
            "unitPattern-count-one": "mil·límetre de mercuri",
            "unitPattern-count-other": "{0} mil·límetres de mercuri"
          },
          "pressure-pound-per-square-inch": {
            "displayName": "lliures per polzada quadrada",
            "unitPattern-count-one": "{0} lliura per polzada quadrada",
            "unitPattern-count-other": "{0} lliures per polzada quadrada"
          },
          "proportion-karat": {
            "displayName": "quirats",
            "unitPattern-count-one": "{0} quirat",
            "unitPattern-count-other": "{0} quirats"
          },
          "speed-kilometer-per-hour": {
            "displayName": "quilòmetres per hora",
            "unitPattern-count-one": "{0} quilòmetre per hora",
            "unitPattern-count-other": "{0} quilòmetres per hora"
          },
          "speed-meter-per-second": {
            "displayName": "metres per segon",
            "unitPattern-count-one": "{0} metre per segon",
            "unitPattern-count-other": "{0} metres per segon"
          },
          "speed-mile-per-hour": {
            "displayName": "milles per hora",
            "unitPattern-count-one": "{0} milla per hora",
            "unitPattern-count-other": "{0} milles per hora"
          },
          "temperature-celsius": {
            "displayName": "graus Celsius",
            "unitPattern-count-one": "{0} grau Celsius",
            "unitPattern-count-other": "{0} graus Celsius"
          },
          "temperature-fahrenheit": {
            "displayName": "graus Fahrenheit",
            "unitPattern-count-one": "{0} grau Fahrenheit",
            "unitPattern-count-other": "{0} graus Fahrenheit"
          },
          "temperature-kelvin": {
            "displayName": "Kelvin",
            "unitPattern-count-one": "{0} Kelvin",
            "unitPattern-count-other": "{0} Kelvin"
          },
          "volume-acre-foot": {
            "displayName": "acre-peu",
            "unitPattern-count-one": "{0} acre-peu",
            "unitPattern-count-other": "{0} acres-peus"
          },
          "volume-bushel": {
            "displayName": "bu",
            "unitPattern-count-other": "{0} bu"
          },
          "volume-centiliter": {
            "displayName": "centilitres",
            "unitPattern-count-one": "{0} centilitre",
            "unitPattern-count-other": "{0} centilitres"
          },
          "volume-cubic-centimeter": {
            "displayName": "centímetres cúbics",
            "unitPattern-count-one": "{0} centímetre cúbic",
            "unitPattern-count-other": "{0} centímetres cúbics"
          },
          "volume-cubic-foot": {
            "displayName": "peus cúbics",
            "unitPattern-count-one": "{0} peu cúbic",
            "unitPattern-count-other": "{0} peus cúbics"
          },
          "volume-cubic-inch": {
            "displayName": "polzades cúbiques",
            "unitPattern-count-one": "{0} polzada cúbica",
            "unitPattern-count-other": "{0} polzades cúbiques"
          },
          "volume-cubic-kilometer": {
            "displayName": "quilòmetres cúbics",
            "unitPattern-count-one": "{0} quilòmetre cúbic",
            "unitPattern-count-other": "{0} quilòmetres cúbics"
          },
          "volume-cubic-meter": {
            "displayName": "metres cúbics",
            "unitPattern-count-one": "{0} metre cúbic",
            "unitPattern-count-other": "{0} metres cúbics"
          },
          "volume-cubic-mile": {
            "displayName": "milles cúbiques",
            "unitPattern-count-one": "{0} milla cúbica",
            "unitPattern-count-other": "{0} milles cúbiques"
          },
          "volume-cubic-yard": {
            "displayName": "iardes cúbiques",
            "unitPattern-count-one": "{0} iarda cúbica",
            "unitPattern-count-other": "{0} iardes cúbiques"
          },
          "volume-cup": {
            "displayName": "tasses",
            "unitPattern-count-one": "{0} tassa",
            "unitPattern-count-other": "{0} tasses"
          },
          "volume-deciliter": {
            "displayName": "decilitres",
            "unitPattern-count-one": "{0} decilitre",
            "unitPattern-count-other": "{0} decilitres"
          },
          "volume-fluid-ounce": {
            "displayName": "unça líquida",
            "unitPattern-count-one": "{0} unça líquida",
            "unitPattern-count-other": "{0} unces líquides"
          },
          "volume-gallon": {
            "displayName": "galons",
            "unitPattern-count-one": "{0} galó",
            "unitPattern-count-other": "{0} galons"
          },
          "volume-hectoliter": {
            "displayName": "hectolitres",
            "unitPattern-count-one": "{0} hectolitre",
            "unitPattern-count-other": "{0} hectolitres"
          },
          "volume-liter": {
            "displayName": "litres",
            "unitPattern-count-one": "{0} litre",
            "unitPattern-count-other": "{0} litres"
          },
          "volume-megaliter": {
            "displayName": "megalitres",
            "unitPattern-count-one": "{0} megalitre",
            "unitPattern-count-other": "{0} megalitres"
          },
          "volume-milliliter": {
            "displayName": "mil·lilitres",
            "unitPattern-count-one": "{0} mil·lilitre",
            "unitPattern-count-other": "{0} mil·lilitres"
          },
          "volume-pint": {
            "displayName": "pintes",
            "unitPattern-count-one": "{0} pinta",
            "unitPattern-count-other": "{0} pintes"
          },
          "volume-quart": {
            "displayName": "quarts",
            "unitPattern-count-one": "{0} quart",
            "unitPattern-count-other": "{0} quarts"
          },
          "volume-tablespoon": {
            "displayName": "cullerades",
            "unitPattern-count-one": "{0} cullerada",
            "unitPattern-count-other": "{0} cullerades"
          },
          "volume-teaspoon": {
            "displayName": "culleradetes",
            "unitPattern-count-one": "{0} culleradeta",
            "unitPattern-count-other": "{0} culleradetes"
          }
        },
        "short": {
          "per": {
            "compoundUnitPattern": "{0}/{1}"
          },
          "acceleration-g-force": {
            "displayName": "G",
            "unitPattern-count-one": "{0} G",
            "unitPattern-count-other": "{0} G"
          },
          "acceleration-meter-per-second-squared": {
            "displayName": "m/s²",
            "unitPattern-count-one": "{0} m/s²",
            "unitPattern-count-other": "{0} m/s²"
          },
          "angle-arc-minute": {
            "displayName": "´",
            "unitPattern-count-one": "{0} min",
            "unitPattern-count-other": "{0} min"
          },
          "angle-arc-second": {
            "displayName": "segons",
            "unitPattern-count-one": "{0} s",
            "unitPattern-count-other": "{0} s"
          },
          "angle-degree": {
            "displayName": "º",
            "unitPattern-count-one": "{0}°",
            "unitPattern-count-other": "{0}°"
          },
          "angle-radian": {
            "displayName": "radiant",
            "unitPattern-count-one": "{0} rad",
            "unitPattern-count-other": "{0} rad"
          },
          "area-acre": {
            "displayName": "acres",
            "unitPattern-count-one": "{0} ac",
            "unitPattern-count-other": "{0} ac"
          },
          "area-hectare": {
            "displayName": "hectàrees",
            "unitPattern-count-one": "{0} ha",
            "unitPattern-count-other": "{0} ha"
          },
          "area-square-centimeter": {
            "displayName": "cm²",
            "unitPattern-count-one": "{0} cm²",
            "unitPattern-count-other": "{0} cm²"
          },
          "area-square-foot": {
            "displayName": "ft²",
            "unitPattern-count-one": "{0} ft²",
            "unitPattern-count-other": "{0} ft²"
          },
          "area-square-inch": {
            "displayName": "in²",
            "unitPattern-count-one": "{0} in²",
            "unitPattern-count-other": "{0} in²"
          },
          "area-square-kilometer": {
            "displayName": "km²",
            "unitPattern-count-one": "{0} km²",
            "unitPattern-count-other": "{0} km²"
          },
          "area-square-meter": {
            "displayName": "m²",
            "unitPattern-count-one": "{0} m²",
            "unitPattern-count-other": "{0} m²"
          },
          "area-square-mile": {
            "displayName": "mi²",
            "unitPattern-count-one": "{0} mi²",
            "unitPattern-count-other": "{0} mi²"
          },
          "area-square-yard": {
            "displayName": "yd²",
            "unitPattern-count-one": "{0} yd²",
            "unitPattern-count-other": "{0} yd²"
          },
          "consumption-liter-per-kilometer": {
            "displayName": "l/km",
            "unitPattern-count-one": "{0} l/km",
            "unitPattern-count-other": "{0} l/km"
          },
          "consumption-mile-per-gallon": {
            "displayName": "mi/gal",
            "unitPattern-count-one": "{0} mi/gal",
            "unitPattern-count-other": "{0} mi/gal"
          },
          "digital-bit": {
            "displayName": "bit",
            "unitPattern-count-one": "{0} bit",
            "unitPattern-count-other": "{0} bits"
          },
          "digital-byte": {
            "displayName": "B",
            "unitPattern-count-one": "{0} B",
            "unitPattern-count-other": "{0} B"
          },
          "digital-gigabit": {
            "displayName": "Gb",
            "unitPattern-count-one": "{0} Gb",
            "unitPattern-count-other": "{0} Gb"
          },
          "digital-gigabyte": {
            "displayName": "GB",
            "unitPattern-count-one": "{0} GB",
            "unitPattern-count-other": "{0} GB"
          },
          "digital-kilobit": {
            "displayName": "kb",
            "unitPattern-count-one": "{0} kb",
            "unitPattern-count-other": "{0} kb"
          },
          "digital-kilobyte": {
            "displayName": "kB",
            "unitPattern-count-one": "{0} kB",
            "unitPattern-count-other": "{0} kB"
          },
          "digital-megabit": {
            "displayName": "Mbit",
            "unitPattern-count-one": "{0} Mbit",
            "unitPattern-count-other": "{0} Mbit"
          },
          "digital-megabyte": {
            "displayName": "MB",
            "unitPattern-count-one": "{0} MB",
            "unitPattern-count-other": "{0} MB"
          },
          "digital-terabit": {
            "displayName": "Tb",
            "unitPattern-count-one": "{0} Tb",
            "unitPattern-count-other": "{0} Tb"
          },
          "digital-terabyte": {
            "displayName": "TB",
            "unitPattern-count-one": "{0} TB",
            "unitPattern-count-other": "{0} TB"
          },
          "duration-day": {
            "displayName": "dies",
            "unitPattern-count-one": "{0} dia",
            "unitPattern-count-other": "{0} dies"
          },
          "duration-hour": {
            "displayName": "h",
            "unitPattern-count-one": "{0} h",
            "unitPattern-count-other": "{0} h",
            "perUnitPattern": "{0}/h"
          },
          "duration-microsecond": {
            "displayName": "μs",
            "unitPattern-count-one": "{0} μs",
            "unitPattern-count-other": "{0} μs"
          },
          "duration-millisecond": {
            "displayName": "mil·lisegons",
            "unitPattern-count-one": "{0} ms",
            "unitPattern-count-other": "{0} ms"
          },
          "duration-minute": {
            "displayName": "min",
            "unitPattern-count-one": "{0} min",
            "unitPattern-count-other": "{0} min"
          },
          "duration-month": {
            "displayName": "mesos",
            "unitPattern-count-one": "{0} mes",
            "unitPattern-count-other": "{0} mesos"
          },
          "duration-nanosecond": {
            "displayName": "ns",
            "unitPattern-count-one": "{0} ns",
            "unitPattern-count-other": "{0} ns"
          },
          "duration-second": {
            "displayName": "s",
            "unitPattern-count-one": "{0} s",
            "unitPattern-count-other": "{0} s",
            "perUnitPattern": "{0}/s"
          },
          "duration-week": {
            "displayName": "setm.",
            "unitPattern-count-one": "{0} setm.",
            "unitPattern-count-other": "{0} setm."
          },
          "duration-year": {
            "displayName": "anys",
            "unitPattern-count-one": "{0} any",
            "unitPattern-count-other": "{0} anys"
          },
          "electric-ampere": {
            "displayName": "A",
            "unitPattern-count-one": "{0} A",
            "unitPattern-count-other": "{0} A"
          },
          "electric-milliampere": {
            "displayName": "mA",
            "unitPattern-count-one": "{0} mA",
            "unitPattern-count-other": "{0} mA"
          },
          "electric-ohm": {
            "displayName": "Ω",
            "unitPattern-count-one": "{0} Ω",
            "unitPattern-count-other": "{0} Ω"
          },
          "electric-volt": {
            "displayName": "V",
            "unitPattern-count-one": "{0} V",
            "unitPattern-count-other": "{0} V"
          },
          "energy-calorie": {
            "displayName": "cal",
            "unitPattern-count-one": "{0} cal",
            "unitPattern-count-other": "{0} cal"
          },
          "energy-foodcalorie": {
            "displayName": "kcal",
            "unitPattern-count-one": "{0} kcal",
            "unitPattern-count-other": "{0} kcal"
          },
          "energy-joule": {
            "displayName": "J",
            "unitPattern-count-one": "{0} J",
            "unitPattern-count-other": "{0} J"
          },
          "energy-kilocalorie": {
            "displayName": "kcal",
            "unitPattern-count-one": "{0} kcal",
            "unitPattern-count-other": "{0} kcal"
          },
          "energy-kilojoule": {
            "displayName": "kJ",
            "unitPattern-count-one": "{0} kJ",
            "unitPattern-count-other": "{0} kJ"
          },
          "energy-kilowatt-hour": {
            "displayName": "kWh",
            "unitPattern-count-one": "{0} kWh",
            "unitPattern-count-other": "{0} kWh"
          },
          "frequency-gigahertz": {
            "displayName": "GHz",
            "unitPattern-count-one": "{0} GHz",
            "unitPattern-count-other": "{0} GHz"
          },
          "frequency-hertz": {
            "displayName": "Hz",
            "unitPattern-count-one": "{0} Hz",
            "unitPattern-count-other": "{0} Hz"
          },
          "frequency-kilohertz": {
            "displayName": "kHz",
            "unitPattern-count-one": "{0} kHz",
            "unitPattern-count-other": "{0} kHz"
          },
          "frequency-megahertz": {
            "displayName": "MHz",
            "unitPattern-count-one": "{0} MHz",
            "unitPattern-count-other": "{0} MHz"
          },
          "length-astronomical-unit": {
            "displayName": "ua",
            "unitPattern-count-one": "{0} ua",
            "unitPattern-count-other": "{0} ua"
          },
          "length-centimeter": {
            "displayName": "cm",
            "unitPattern-count-one": "{0} cm",
            "unitPattern-count-other": "{0} cm"
          },
          "length-decimeter": {
            "displayName": "dm",
            "unitPattern-count-one": "{0} dm",
            "unitPattern-count-other": "{0} dm"
          },
          "length-fathom": {
            "displayName": "fm",
            "unitPattern-count-other": "{0} fm"
          },
          "length-foot": {
            "displayName": "ft",
            "unitPattern-count-one": "{0} ft",
            "unitPattern-count-other": "{0} ft"
          },
          "length-furlong": {
            "displayName": "fur",
            "unitPattern-count-other": "{0} fur"
          },
          "length-inch": {
            "displayName": "polz.",
            "unitPattern-count-one": "{0} polz.",
            "unitPattern-count-other": "{0} polz."
          },
          "length-kilometer": {
            "displayName": "km",
            "unitPattern-count-one": "{0} km",
            "unitPattern-count-other": "{0} km"
          },
          "length-light-year": {
            "displayName": "anys llum",
            "unitPattern-count-one": "{0} any ll.",
            "unitPattern-count-other": "{0} anys ll."
          },
          "length-meter": {
            "displayName": "metres",
            "unitPattern-count-one": "{0} m",
            "unitPattern-count-other": "{0} m"
          },
          "length-micrometer": {
            "displayName": "µm",
            "unitPattern-count-one": "{0} µm",
            "unitPattern-count-other": "{0} µm"
          },
          "length-mile": {
            "displayName": "milles",
            "unitPattern-count-one": "{0} mi",
            "unitPattern-count-other": "{0} mi"
          },
          "length-millimeter": {
            "displayName": "mil·límetres",
            "unitPattern-count-one": "{0} mm",
            "unitPattern-count-other": "{0} mm"
          },
          "length-nanometer": {
            "displayName": "nm",
            "unitPattern-count-one": "{0} nm",
            "unitPattern-count-other": "{0} nm"
          },
          "length-nautical-mile": {
            "displayName": "nmi",
            "unitPattern-count-one": "{0} nmi",
            "unitPattern-count-other": "{0} nmi"
          },
          "length-parsec": {
            "displayName": "parsecs",
            "unitPattern-count-one": "{0} pc",
            "unitPattern-count-other": "{0} pc"
          },
          "length-picometer": {
            "displayName": "pm",
            "unitPattern-count-one": "{0} pm",
            "unitPattern-count-other": "{0} pm"
          },
          "length-yard": {
            "displayName": "iardes",
            "unitPattern-count-one": "{0} yd",
            "unitPattern-count-other": "{0} yd"
          },
          "light-lux": {
            "displayName": "lx",
            "unitPattern-count-one": "{0} lx",
            "unitPattern-count-other": "{0} lx"
          },
          "mass-carat": {
            "displayName": "quirat",
            "unitPattern-count-one": "{0} ct",
            "unitPattern-count-other": "{0} ct"
          },
          "mass-gram": {
            "displayName": "gram",
            "unitPattern-count-one": "{0} g",
            "unitPattern-count-other": "{0} g"
          },
          "mass-kilogram": {
            "displayName": "kg",
            "unitPattern-count-one": "{0} kg",
            "unitPattern-count-other": "{0} kg"
          },
          "mass-metric-ton": {
            "displayName": "t mètriques",
            "unitPattern-count-one": "{0} t mètrica",
            "unitPattern-count-other": "{0} t mètr."
          },
          "mass-microgram": {
            "displayName": "µg",
            "unitPattern-count-one": "{0} µg",
            "unitPattern-count-other": "{0} µg"
          },
          "mass-milligram": {
            "displayName": "mg",
            "unitPattern-count-one": "{0} mg",
            "unitPattern-count-other": "{0} mg"
          },
          "mass-ounce": {
            "displayName": "oz",
            "unitPattern-count-one": "{0} oz",
            "unitPattern-count-other": "{0} oz"
          },
          "mass-ounce-troy": {
            "displayName": "ozt",
            "unitPattern-count-one": "{0} ozt",
            "unitPattern-count-other": "{0} ozt"
          },
          "mass-pound": {
            "displayName": "lb",
            "unitPattern-count-one": "{0} lb",
            "unitPattern-count-other": "{0} lb"
          },
          "mass-stone": {
            "displayName": "st",
            "unitPattern-count-other": "{0} st"
          },
          "mass-ton": {
            "displayName": "t",
            "unitPattern-count-one": "{0} t",
            "unitPattern-count-other": "{0} t"
          },
          "power-gigawatt": {
            "displayName": "GW",
            "unitPattern-count-one": "{0} GW",
            "unitPattern-count-other": "{0} GW"
          },
          "power-horsepower": {
            "displayName": "CV",
            "unitPattern-count-one": "{0} CV",
            "unitPattern-count-other": "{0} CV"
          },
          "power-kilowatt": {
            "displayName": "kW",
            "unitPattern-count-one": "{0} kW",
            "unitPattern-count-other": "{0} kW"
          },
          "power-megawatt": {
            "displayName": "MW",
            "unitPattern-count-one": "{0} MW",
            "unitPattern-count-other": "{0} MW"
          },
          "power-milliwatt": {
            "displayName": "mW",
            "unitPattern-count-one": "{0} mW",
            "unitPattern-count-other": "{0} mW"
          },
          "power-watt": {
            "displayName": "W",
            "unitPattern-count-one": "{0} W",
            "unitPattern-count-other": "{0} W"
          },
          "pressure-hectopascal": {
            "displayName": "hPa",
            "unitPattern-count-one": "{0} hPa",
            "unitPattern-count-other": "{0} hPa"
          },
          "pressure-inch-hg": {
            "displayName": "inHg",
            "unitPattern-count-one": "{0} inHg",
            "unitPattern-count-other": "{0} inHg"
          },
          "pressure-millibar": {
            "displayName": "mbar",
            "unitPattern-count-one": "{0} mbar",
            "unitPattern-count-other": "{0} mbar"
          },
          "pressure-millimeter-of-mercury": {
            "displayName": "mm Hg",
            "unitPattern-count-one": "{0} mm Hg",
            "unitPattern-count-other": "{0} mm Hg"
          },
          "pressure-pound-per-square-inch": {
            "displayName": "psi",
            "unitPattern-count-one": "{0} psi",
            "unitPattern-count-other": "{0} psi"
          },
          "proportion-karat": {
            "displayName": "ct",
            "unitPattern-count-one": "{0} ct",
            "unitPattern-count-other": "{0} ct"
          },
          "speed-kilometer-per-hour": {
            "displayName": "km/h",
            "unitPattern-count-one": "{0} km/h",
            "unitPattern-count-other": "{0} km/h"
          },
          "speed-meter-per-second": {
            "displayName": "m/s",
            "unitPattern-count-one": "{0} m/s",
            "unitPattern-count-other": "{0} m/s"
          },
          "speed-mile-per-hour": {
            "displayName": "mi/h",
            "unitPattern-count-one": "{0} mi/h",
            "unitPattern-count-other": "{0} mi/h"
          },
          "temperature-celsius": {
            "displayName": "°C",
            "unitPattern-count-one": "{0} °C",
            "unitPattern-count-other": "{0} °C"
          },
          "temperature-fahrenheit": {
            "displayName": "°F",
            "unitPattern-count-one": "{0} °F",
            "unitPattern-count-other": "{0} °F"
          },
          "temperature-kelvin": {
            "displayName": "K",
            "unitPattern-count-one": "{0} K",
            "unitPattern-count-other": "{0} K"
          },
          "volume-acre-foot": {
            "displayName": "ac ft",
            "unitPattern-count-one": "{0} ac ft",
            "unitPattern-count-other": "{0} ac ft"
          },
          "volume-bushel": {
            "displayName": "bu",
            "unitPattern-count-other": "{0} bu"
          },
          "volume-centiliter": {
            "displayName": "cl",
            "unitPattern-count-one": "{0} cl",
            "unitPattern-count-other": "{0} cl"
          },
          "volume-cubic-centimeter": {
            "displayName": "cm³",
            "unitPattern-count-one": "{0} cm³",
            "unitPattern-count-other": "{0} cm³"
          },
          "volume-cubic-foot": {
            "displayName": "ft³",
            "unitPattern-count-one": "{0} ft³",
            "unitPattern-count-other": "{0} ft³"
          },
          "volume-cubic-inch": {
            "displayName": "in³",
            "unitPattern-count-one": "{0} in³",
            "unitPattern-count-other": "{0} in³"
          },
          "volume-cubic-kilometer": {
            "displayName": "km³",
            "unitPattern-count-one": "{0} km³",
            "unitPattern-count-other": "{0} km³"
          },
          "volume-cubic-meter": {
            "displayName": "m³",
            "unitPattern-count-one": "{0} m³",
            "unitPattern-count-other": "{0} m³"
          },
          "volume-cubic-mile": {
            "displayName": "mi³",
            "unitPattern-count-one": "{0} mi³",
            "unitPattern-count-other": "{0} mi³"
          },
          "volume-cubic-yard": {
            "displayName": "yd³",
            "unitPattern-count-one": "{0} yd³",
            "unitPattern-count-other": "{0} yd³"
          },
          "volume-cup": {
            "displayName": "tassa",
            "unitPattern-count-one": "{0} tassa",
            "unitPattern-count-other": "{0} tasses"
          },
          "volume-deciliter": {
            "displayName": "dl",
            "unitPattern-count-one": "{0} dl",
            "unitPattern-count-other": "{0} dl"
          },
          "volume-fluid-ounce": {
            "displayName": "fl oz",
            "unitPattern-count-one": "{0} fl oz",
            "unitPattern-count-other": "{0} fl oz"
          },
          "volume-gallon": {
            "displayName": "gal",
            "unitPattern-count-one": "{0} gal",
            "unitPattern-count-other": "{0} gal"
          },
          "volume-hectoliter": {
            "displayName": "hl",
            "unitPattern-count-one": "{0} hl",
            "unitPattern-count-other": "{0} hl"
          },
          "volume-liter": {
            "displayName": "l",
            "unitPattern-count-one": "{0} l",
            "unitPattern-count-other": "{0} l"
          },
          "volume-megaliter": {
            "displayName": "Ml",
            "unitPattern-count-one": "{0} Ml",
            "unitPattern-count-other": "{0} Ml"
          },
          "volume-milliliter": {
            "displayName": "ml",
            "unitPattern-count-one": "{0} ml",
            "unitPattern-count-other": "{0} ml"
          },
          "volume-pint": {
            "displayName": "pt",
            "unitPattern-count-one": "{0} pt",
            "unitPattern-count-other": "{0} pt"
          },
          "volume-quart": {
            "displayName": "qt",
            "unitPattern-count-one": "{0} qt",
            "unitPattern-count-other": "{0} qt"
          },
          "volume-tablespoon": {
            "displayName": "cull.",
            "unitPattern-count-one": "{0} cull.",
            "unitPattern-count-other": "{0} cull."
          },
          "volume-teaspoon": {
            "displayName": "cdta.",
            "unitPattern-count-one": "{0} cdta.",
            "unitPattern-count-other": "{0} cdta."
          }
        },
        "narrow": {
          "per": {
            "compoundUnitPattern": "{0}/{1}"
          },
          "acceleration-g-force": {
            "displayName": "G",
            "unitPattern-count-one": "{0}G",
            "unitPattern-count-other": "{0}G"
          },
          "acceleration-meter-per-second-squared": {
            "displayName": "m/s²",
            "unitPattern-count-one": "{0} m/s²",
            "unitPattern-count-other": "{0} m/s²"
          },
          "angle-arc-minute": {
            "displayName": "´",
            "unitPattern-count-one": "{0}′",
            "unitPattern-count-other": "{0}′"
          },
          "angle-arc-second": {
            "displayName": "segons",
            "unitPattern-count-one": "{0}″",
            "unitPattern-count-other": "{0}″"
          },
          "angle-degree": {
            "displayName": "º",
            "unitPattern-count-one": "{0}°",
            "unitPattern-count-other": "{0}°"
          },
          "angle-radian": {
            "displayName": "radiant",
            "unitPattern-count-one": "{0} rad",
            "unitPattern-count-other": "{0} rad"
          },
          "area-acre": {
            "displayName": "acres",
            "unitPattern-count-one": "{0}ac.",
            "unitPattern-count-other": "{0}ac."
          },
          "area-hectare": {
            "displayName": "hectàrees",
            "unitPattern-count-one": "{0}ha",
            "unitPattern-count-other": "{0}ha"
          },
          "area-square-centimeter": {
            "displayName": "cm²",
            "unitPattern-count-one": "{0} cm²",
            "unitPattern-count-other": "{0} cm²"
          },
          "area-square-foot": {
            "displayName": "ft²",
            "unitPattern-count-one": "{0}ft²",
            "unitPattern-count-other": "{0}ft²"
          },
          "area-square-inch": {
            "displayName": "in²",
            "unitPattern-count-one": "{0} in²",
            "unitPattern-count-other": "{0} in²"
          },
          "area-square-kilometer": {
            "displayName": "km²",
            "unitPattern-count-one": "{0}km²",
            "unitPattern-count-other": "{0}km²"
          },
          "area-square-meter": {
            "displayName": "m²",
            "unitPattern-count-one": "{0}m²",
            "unitPattern-count-other": "{0}m²"
          },
          "area-square-mile": {
            "displayName": "mi²",
            "unitPattern-count-one": "{0}mi²",
            "unitPattern-count-other": "{0}mi²"
          },
          "area-square-yard": {
            "displayName": "yd²",
            "unitPattern-count-one": "{0} yd²",
            "unitPattern-count-other": "{0} yd²"
          },
          "consumption-liter-per-kilometer": {
            "displayName": "l/km",
            "unitPattern-count-one": "{0} l/km",
            "unitPattern-count-other": "{0} l/km"
          },
          "consumption-mile-per-gallon": {
            "displayName": "mi/gal",
            "unitPattern-count-one": "{0} mi/gal",
            "unitPattern-count-other": "{0} mi/gal"
          },
          "digital-bit": {
            "displayName": "bit",
            "unitPattern-count-one": "{0} bits",
            "unitPattern-count-other": "{0} bits"
          },
          "digital-byte": {
            "displayName": "B",
            "unitPattern-count-one": "{0} B",
            "unitPattern-count-other": "{0} B"
          },
          "digital-gigabit": {
            "displayName": "Gb",
            "unitPattern-count-one": "{0} Gb",
            "unitPattern-count-other": "{0} Gb"
          },
          "digital-gigabyte": {
            "displayName": "GB",
            "unitPattern-count-one": "{0} GB",
            "unitPattern-count-other": "{0} GB"
          },
          "digital-kilobit": {
            "displayName": "kb",
            "unitPattern-count-one": "{0} kb",
            "unitPattern-count-other": "{0} kb"
          },
          "digital-kilobyte": {
            "displayName": "kB",
            "unitPattern-count-one": "{0} kB",
            "unitPattern-count-other": "{0} kB"
          },
          "digital-megabit": {
            "displayName": "Mbit",
            "unitPattern-count-one": "{0} Mbit",
            "unitPattern-count-other": "{0} Mbit"
          },
          "digital-megabyte": {
            "displayName": "MB",
            "unitPattern-count-one": "{0} MB",
            "unitPattern-count-other": "{0} MB"
          },
          "digital-terabit": {
            "displayName": "Tb",
            "unitPattern-count-one": "{0} Tb",
            "unitPattern-count-other": "{0} Tb"
          },
          "digital-terabyte": {
            "displayName": "TB",
            "unitPattern-count-one": "{0} TB",
            "unitPattern-count-other": "{0} TB"
          },
          "duration-day": {
            "displayName": "dia",
            "unitPattern-count-one": "{0} d",
            "unitPattern-count-other": "{0} d"
          },
          "duration-hour": {
            "displayName": "h",
            "unitPattern-count-one": "{0} h",
            "unitPattern-count-other": "{0} h",
            "perUnitPattern": "{0}/h"
          },
          "duration-microsecond": {
            "displayName": "μs",
            "unitPattern-count-one": "{0} μs",
            "unitPattern-count-other": "{0} μs"
          },
          "duration-millisecond": {
            "displayName": "ms",
            "unitPattern-count-one": "{0} ms",
            "unitPattern-count-other": "{0} ms"
          },
          "duration-minute": {
            "displayName": "min",
            "unitPattern-count-one": "{0} min",
            "unitPattern-count-other": "{0} min"
          },
          "duration-month": {
            "displayName": "mes",
            "unitPattern-count-one": "{0} m",
            "unitPattern-count-other": "{0} m"
          },
          "duration-nanosecond": {
            "displayName": "ns",
            "unitPattern-count-one": "{0} ns",
            "unitPattern-count-other": "{0} ns"
          },
          "duration-second": {
            "displayName": "s",
            "unitPattern-count-one": "{0} s",
            "unitPattern-count-other": "{0} s",
            "perUnitPattern": "{0}/s"
          },
          "duration-week": {
            "displayName": "s",
            "unitPattern-count-one": "{0}s",
            "unitPattern-count-other": "{0} s"
          },
          "duration-year": {
            "displayName": "anys",
            "unitPattern-count-one": "{0} any",
            "unitPattern-count-other": "{0} anys"
          },
          "electric-ampere": {
            "displayName": "A",
            "unitPattern-count-one": "{0} A",
            "unitPattern-count-other": "{0} A"
          },
          "electric-milliampere": {
            "displayName": "mA",
            "unitPattern-count-one": "{0} mA",
            "unitPattern-count-other": "{0} mA"
          },
          "electric-ohm": {
            "displayName": "Ω",
            "unitPattern-count-one": "{0} Ω",
            "unitPattern-count-other": "{0} Ω"
          },
          "electric-volt": {
            "displayName": "V",
            "unitPattern-count-one": "{0} V",
            "unitPattern-count-other": "{0} V"
          },
          "energy-calorie": {
            "displayName": "cal",
            "unitPattern-count-one": "{0} cal",
            "unitPattern-count-other": "{0} cal"
          },
          "energy-foodcalorie": {
            "displayName": "kcal",
            "unitPattern-count-one": "{0} kcal",
            "unitPattern-count-other": "{0} kcal"
          },
          "energy-joule": {
            "displayName": "J",
            "unitPattern-count-one": "{0} J",
            "unitPattern-count-other": "{0} J"
          },
          "energy-kilocalorie": {
            "displayName": "kcal",
            "unitPattern-count-one": "{0} kcal",
            "unitPattern-count-other": "{0} kcal"
          },
          "energy-kilojoule": {
            "displayName": "kJ",
            "unitPattern-count-one": "{0} kJ",
            "unitPattern-count-other": "{0} kJ"
          },
          "energy-kilowatt-hour": {
            "displayName": "kWh",
            "unitPattern-count-one": "{0} kWh",
            "unitPattern-count-other": "{0} kWh"
          },
          "frequency-gigahertz": {
            "displayName": "GHz",
            "unitPattern-count-one": "{0} GHz",
            "unitPattern-count-other": "{0} GHz"
          },
          "frequency-hertz": {
            "displayName": "Hz",
            "unitPattern-count-one": "{0} Hz",
            "unitPattern-count-other": "{0} Hz"
          },
          "frequency-kilohertz": {
            "displayName": "kHz",
            "unitPattern-count-one": "{0} kHz",
            "unitPattern-count-other": "{0} kHz"
          },
          "frequency-megahertz": {
            "displayName": "MHz",
            "unitPattern-count-one": "{0} MHz",
            "unitPattern-count-other": "{0} MHz"
          },
          "length-astronomical-unit": {
            "displayName": "ua",
            "unitPattern-count-one": "{0} ua",
            "unitPattern-count-other": "{0} ua"
          },
          "length-centimeter": {
            "displayName": "cm",
            "unitPattern-count-one": "{0} cm",
            "unitPattern-count-other": "{0} cm"
          },
          "length-decimeter": {
            "displayName": "dm",
            "unitPattern-count-one": "{0} dm",
            "unitPattern-count-other": "{0} dm"
          },
          "length-fathom": {
            "displayName": "fm",
            "unitPattern-count-other": "{0} fm"
          },
          "length-foot": {
            "displayName": "ft",
            "unitPattern-count-one": "{0} ft",
            "unitPattern-count-other": "{0} ft"
          },
          "length-furlong": {
            "displayName": "fur",
            "unitPattern-count-other": "{0} fur"
          },
          "length-inch": {
            "displayName": "polz.",
            "unitPattern-count-one": "{0} in",
            "unitPattern-count-other": "{0} in"
          },
          "length-kilometer": {
            "displayName": "km",
            "unitPattern-count-one": "{0} km",
            "unitPattern-count-other": "{0} km"
          },
          "length-light-year": {
            "displayName": "anys llum",
            "unitPattern-count-one": "{0} l. y.",
            "unitPattern-count-other": "{0} l. y."
          },
          "length-meter": {
            "displayName": "m",
            "unitPattern-count-one": "{0} m",
            "unitPattern-count-other": "{0} m"
          },
          "length-micrometer": {
            "displayName": "µm",
            "unitPattern-count-one": "{0} µm",
            "unitPattern-count-other": "{0} µm"
          },
          "length-mile": {
            "displayName": "milles",
            "unitPattern-count-one": "{0} mi",
            "unitPattern-count-other": "{0} mi"
          },
          "length-millimeter": {
            "displayName": "mm",
            "unitPattern-count-one": "{0} mm",
            "unitPattern-count-other": "{0} mm"
          },
          "length-nanometer": {
            "displayName": "nm",
            "unitPattern-count-one": "{0} nm",
            "unitPattern-count-other": "{0} nm"
          },
          "length-nautical-mile": {
            "displayName": "nmi",
            "unitPattern-count-one": "{0} nmi",
            "unitPattern-count-other": "{0} nmi"
          },
          "length-parsec": {
            "displayName": "parsecs",
            "unitPattern-count-one": "{0} pc",
            "unitPattern-count-other": "{0} pc"
          },
          "length-picometer": {
            "displayName": "pm",
            "unitPattern-count-one": "{0}pm",
            "unitPattern-count-other": "{0}pm"
          },
          "length-yard": {
            "displayName": "iardes",
            "unitPattern-count-one": "{0} yd",
            "unitPattern-count-other": "{0} yd"
          },
          "light-lux": {
            "displayName": "lx",
            "unitPattern-count-one": "{0} lx",
            "unitPattern-count-other": "{0} lx"
          },
          "mass-carat": {
            "displayName": "quirat",
            "unitPattern-count-one": "{0} ct",
            "unitPattern-count-other": "{0} ct"
          },
          "mass-gram": {
            "displayName": "g",
            "unitPattern-count-one": "{0} g",
            "unitPattern-count-other": "{0} g"
          },
          "mass-kilogram": {
            "displayName": "kg",
            "unitPattern-count-one": "{0} kg",
            "unitPattern-count-other": "{0} kg"
          },
          "mass-metric-ton": {
            "displayName": "t mètriques",
            "unitPattern-count-one": "{0} t mètr.",
            "unitPattern-count-other": "{0} t mètr."
          },
          "mass-microgram": {
            "displayName": "µg",
            "unitPattern-count-one": "{0} µg",
            "unitPattern-count-other": "{0} µg"
          },
          "mass-milligram": {
            "displayName": "mg",
            "unitPattern-count-one": "{0} mg",
            "unitPattern-count-other": "{0} mg"
          },
          "mass-ounce": {
            "displayName": "oz",
            "unitPattern-count-one": "{0} oz",
            "unitPattern-count-other": "{0} oz"
          },
          "mass-ounce-troy": {
            "displayName": "ozt",
            "unitPattern-count-one": "{0} ozt",
            "unitPattern-count-other": "{0} ozt"
          },
          "mass-pound": {
            "displayName": "lb",
            "unitPattern-count-one": "{0} lb",
            "unitPattern-count-other": "{0} lb"
          },
          "mass-stone": {
            "displayName": "st",
            "unitPattern-count-other": "{0} st"
          },
          "mass-ton": {
            "displayName": "t",
            "unitPattern-count-one": "{0} t",
            "unitPattern-count-other": "{0} t"
          },
          "power-gigawatt": {
            "displayName": "GW",
            "unitPattern-count-one": "{0} GW",
            "unitPattern-count-other": "{0} GW"
          },
          "power-horsepower": {
            "displayName": "CV",
            "unitPattern-count-one": "{0}CV",
            "unitPattern-count-other": "{0}CV"
          },
          "power-kilowatt": {
            "displayName": "kW",
            "unitPattern-count-one": "{0}kW",
            "unitPattern-count-other": "{0}kW"
          },
          "power-megawatt": {
            "displayName": "MW",
            "unitPattern-count-one": "{0} MW",
            "unitPattern-count-other": "{0} MW"
          },
          "power-milliwatt": {
            "displayName": "mW",
            "unitPattern-count-one": "{0} mW",
            "unitPattern-count-other": "{0} mW"
          },
          "power-watt": {
            "displayName": "W",
            "unitPattern-count-one": "{0}W",
            "unitPattern-count-other": "{0}W"
          },
          "pressure-hectopascal": {
            "displayName": "hPa",
            "unitPattern-count-one": "{0}hPa",
            "unitPattern-count-other": "{0}hPa"
          },
          "pressure-inch-hg": {
            "displayName": "inHg",
            "unitPattern-count-one": "{0} inHg",
            "unitPattern-count-other": "{0} inHg"
          },
          "pressure-millibar": {
            "displayName": "mbar",
            "unitPattern-count-one": "{0} mb",
            "unitPattern-count-other": "{0} mb"
          },
          "pressure-millimeter-of-mercury": {
            "displayName": "mm Hg",
            "unitPattern-count-one": "{0} mm Hg",
            "unitPattern-count-other": "{0} mm Hg"
          },
          "pressure-pound-per-square-inch": {
            "displayName": "psi",
            "unitPattern-count-one": "{0} psi",
            "unitPattern-count-other": "{0} psi"
          },
          "proportion-karat": {
            "displayName": "ct",
            "unitPattern-count-one": "{0} ct",
            "unitPattern-count-other": "{0} ct"
          },
          "speed-kilometer-per-hour": {
            "displayName": "km/h",
            "unitPattern-count-one": "{0} km/h",
            "unitPattern-count-other": "{0} km/h"
          },
          "speed-meter-per-second": {
            "displayName": "m/s",
            "unitPattern-count-one": "{0}m/s",
            "unitPattern-count-other": "{0}m/s"
          },
          "speed-mile-per-hour": {
            "displayName": "mi/h",
            "unitPattern-count-one": "{0}mi/h",
            "unitPattern-count-other": "{0}mi/h"
          },
          "temperature-celsius": {
            "displayName": "°C",
            "unitPattern-count-one": "{0}°C",
            "unitPattern-count-other": "{0}°"
          },
          "temperature-fahrenheit": {
            "displayName": "°F",
            "unitPattern-count-one": "{0}°F",
            "unitPattern-count-other": "{0}°F"
          },
          "temperature-kelvin": {
            "displayName": "K",
            "unitPattern-count-one": "{0} K",
            "unitPattern-count-other": "{0} K"
          },
          "volume-acre-foot": {
            "displayName": "ac ft",
            "unitPattern-count-one": "{0} ac ft",
            "unitPattern-count-other": "{0} ac ft"
          },
          "volume-bushel": {
            "displayName": "bu",
            "unitPattern-count-other": "{0} bu"
          },
          "volume-centiliter": {
            "displayName": "cl",
            "unitPattern-count-one": "{0} cl",
            "unitPattern-count-other": "{0} cl"
          },
          "volume-cubic-centimeter": {
            "displayName": "cm³",
            "unitPattern-count-one": "{0} cm³",
            "unitPattern-count-other": "{0} cm³"
          },
          "volume-cubic-foot": {
            "displayName": "ft³",
            "unitPattern-count-one": "{0} ft³",
            "unitPattern-count-other": "{0} ft³"
          },
          "volume-cubic-inch": {
            "displayName": "in³",
            "unitPattern-count-one": "{0} in³",
            "unitPattern-count-other": "{0} in³"
          },
          "volume-cubic-kilometer": {
            "displayName": "km³",
            "unitPattern-count-one": "{0}km³",
            "unitPattern-count-other": "{0}km³"
          },
          "volume-cubic-meter": {
            "displayName": "m³",
            "unitPattern-count-one": "{0} m³",
            "unitPattern-count-other": "{0} m³"
          },
          "volume-cubic-mile": {
            "displayName": "mi³",
            "unitPattern-count-one": "{0}mi³",
            "unitPattern-count-other": "{0}mi³"
          },
          "volume-cubic-yard": {
            "displayName": "yd³",
            "unitPattern-count-one": "{0} yd³",
            "unitPattern-count-other": "{0} yd³"
          },
          "volume-cup": {
            "displayName": "tassa",
            "unitPattern-count-one": "{0} tasses",
            "unitPattern-count-other": "{0} tasses"
          },
          "volume-deciliter": {
            "displayName": "dl",
            "unitPattern-count-one": "{0} dl",
            "unitPattern-count-other": "{0} dl"
          },
          "volume-fluid-ounce": {
            "displayName": "fl oz",
            "unitPattern-count-one": "{0} fl oz",
            "unitPattern-count-other": "{0} fl oz"
          },
          "volume-gallon": {
            "displayName": "gal",
            "unitPattern-count-one": "{0} gal",
            "unitPattern-count-other": "{0} gal"
          },
          "volume-hectoliter": {
            "displayName": "hl",
            "unitPattern-count-one": "{0} hl",
            "unitPattern-count-other": "{0} hl"
          },
          "volume-liter": {
            "displayName": "l",
            "unitPattern-count-one": "{0} l",
            "unitPattern-count-other": "{0} l"
          },
          "volume-megaliter": {
            "displayName": "Ml",
            "unitPattern-count-one": "{0} Ml",
            "unitPattern-count-other": "{0} Ml"
          },
          "volume-milliliter": {
            "displayName": "ml",
            "unitPattern-count-one": "{0} ml",
            "unitPattern-count-other": "{0} ml"
          },
          "volume-pint": {
            "displayName": "pt",
            "unitPattern-count-one": "{0} pt",
            "unitPattern-count-other": "{0} pt"
          },
          "volume-quart": {
            "displayName": "qt",
            "unitPattern-count-one": "{0} qt",
            "unitPattern-count-other": "{0} qt"
          },
          "volume-tablespoon": {
            "displayName": "cull.",
            "unitPattern-count-one": "{0} cull.",
            "unitPattern-count-other": "{0} cull."
          },
          "volume-teaspoon": {
            "displayName": "cdta.",
            "unitPattern-count-one": "{0} cdta.",
            "unitPattern-count-other": "{0} cdta."
          }
        },
        "durationUnit-type-hm": {
          "durationUnitPattern": "h:mm"
        },
        "durationUnit-type-hms": {
          "durationUnitPattern": "h:mm:ss"
        },
        "durationUnit-type-ms": {
          "durationUnitPattern": "m:ss"
        }
      }
    }
  }
}
