{
  "main": {
    "de": {
      "identity": {
        "version": {
          "_cldrVersion": "26",
          "_number": "$Revision: 10809 $"
        },
        "generation": {
          "_date": "$Date: 2014-08-14 15:10:07 -0500 (Thu, 14 Aug 2014) $"
        },
        "language": "de"
      },
      "dates": {
        "calendars": {
          "coptic": {
            "months": {
              "format": {
                "abbreviated": {
                  "1": "Tout",
                  "2": "Baba",
                  "3": "Hator",
                  "4": "Kiahk",
                  "5": "Toba",
                  "6": "Amshir",
                  "7": "Baramhat",
                  "8": "Baramouda",
                  "9": "Bashans",
                  "10": "Paona",
                  "11": "Epep",
                  "12": "Mesra",
                  "13": "Nasie"
                },
                "narrow": {
                  "1": "1",
                  "2": "2",
                  "3": "3",
                  "4": "4",
                  "5": "5",
                  "6": "6",
                  "7": "7",
                  "8": "8",
                  "9": "9",
                  "10": "10",
                  "11": "11",
                  "12": "12",
                  "13": "13"
                },
                "wide": {
                  "1": "Tout",
                  "2": "Baba",
                  "3": "Hator",
                  "4": "Kiahk",
                  "5": "Toba",
                  "6": "Amshir",
                  "7": "Baramhat",
                  "8": "Baramouda",
                  "9": "Bashans",
                  "10": "Paona",
                  "11": "Epep",
                  "12": "Mesra",
                  "13": "Nasie"
                }
              },
              "stand-alone": {
                "abbreviated": {
                  "1": "Tout",
                  "2": "Baba",
                  "3": "Hator",
                  "4": "Kiahk",
                  "5": "Toba",
                  "6": "Amshir",
                  "7": "Baramhat",
                  "8": "Baramouda",
                  "9": "Bashans",
                  "10": "Paona",
                  "11": "Epep",
                  "12": "Mesra",
                  "13": "Nasie"
                },
                "narrow": {
                  "1": "1",
                  "2": "2",
                  "3": "3",
                  "4": "4",
                  "5": "5",
                  "6": "6",
                  "7": "7",
                  "8": "8",
                  "9": "9",
                  "10": "10",
                  "11": "11",
                  "12": "12",
                  "13": "13"
                },
                "wide": {
                  "1": "Tout",
                  "2": "Baba",
                  "3": "Hator",
                  "4": "Kiahk",
                  "5": "Toba",
                  "6": "Amshir",
                  "7": "Baramhat",
                  "8": "Baramouda",
                  "9": "Bashans",
                  "10": "Paona",
                  "11": "Epep",
                  "12": "Mesra",
                  "13": "Nasie"
                }
              }
            },
            "days": {
              "format": {
                "abbreviated": {
                  "sun": "So.",
                  "mon": "Mo.",
                  "tue": "Di.",
                  "wed": "Mi.",
                  "thu": "Do.",
                  "fri": "Fr.",
                  "sat": "Sa."
                },
                "narrow": {
                  "sun": "S",
                  "mon": "M",
                  "tue": "D",
                  "wed": "M",
                  "thu": "D",
                  "fri": "F",
                  "sat": "S"
                },
                "short": {
                  "sun": "So.",
                  "mon": "Mo.",
                  "tue": "Di.",
                  "wed": "Mi.",
                  "thu": "Do.",
                  "fri": "Fr.",
                  "sat": "Sa."
                },
                "wide": {
                  "sun": "Sonntag",
                  "mon": "Montag",
                  "tue": "Dienstag",
                  "wed": "Mittwoch",
                  "thu": "Donnerstag",
                  "fri": "Freitag",
                  "sat": "Samstag"
                }
              },
              "stand-alone": {
                "abbreviated": {
                  "sun": "So",
                  "mon": "Mo",
                  "tue": "Di",
                  "wed": "Mi",
                  "thu": "Do",
                  "fri": "Fr",
                  "sat": "Sa"
                },
                "narrow": {
                  "sun": "S",
                  "mon": "M",
                  "tue": "D",
                  "wed": "M",
                  "thu": "D",
                  "fri": "F",
                  "sat": "S"
                },
                "short": {
                  "sun": "So.",
                  "mon": "Mo.",
                  "tue": "Di.",
                  "wed": "Mi.",
                  "thu": "Do.",
                  "fri": "Fr.",
                  "sat": "Sa."
                },
                "wide": {
                  "sun": "Sonntag",
                  "mon": "Montag",
                  "tue": "Dienstag",
                  "wed": "Mittwoch",
                  "thu": "Donnerstag",
                  "fri": "Freitag",
                  "sat": "Samstag"
                }
              }
            },
            "quarters": {
              "format": {
                "abbreviated": {
                  "1": "Q1",
                  "2": "Q2",
                  "3": "Q3",
                  "4": "Q4"
                },
                "narrow": {
                  "1": "1",
                  "2": "2",
                  "3": "3",
                  "4": "4"
                },
                "wide": {
                  "1": "1. Quartal",
                  "2": "2. Quartal",
                  "3": "3. Quartal",
                  "4": "4. Quartal"
                }
              },
              "stand-alone": {
                "abbreviated": {
                  "1": "Q1",
                  "2": "Q2",
                  "3": "Q3",
                  "4": "Q4"
                },
                "narrow": {
                  "1": "1",
                  "2": "2",
                  "3": "3",
                  "4": "4"
                },
                "wide": {
                  "1": "1. Quartal",
                  "2": "2. Quartal",
                  "3": "3. Quartal",
                  "4": "4. Quartal"
                }
              }
            },
            "dayPeriods": {
              "format": {
                "abbreviated": {
                  "afternoon": "nachmittags",
                  "am": "vorm.",
                  "earlyMorning": "morgens",
                  "evening": "abends",
                  "morning": "vormittags",
                  "night": "nachts",
                  "noon": "Mittag",
                  "pm": "nachm."
                },
                "narrow": {
                  "am": "vorm.",
                  "noon": "Mittag",
                  "pm": "nachm."
                },
                "wide": {
                  "afternoon": "nachmittags",
                  "am": "vorm.",
                  "earlyMorning": "morgens",
                  "evening": "abends",
                  "morning": "vormittags",
                  "night": "nachts",
                  "noon": "Mittag",
                  "pm": "nachm."
                }
              },
              "stand-alone": {
                "abbreviated": {
                  "afternoon": "nachmittags",
                  "am": "vorm.",
                  "earlyMorning": "morgens",
                  "evening": "abends",
                  "morning": "vormittags",
                  "night": "nachts",
                  "noon": "Mittag",
                  "pm": "nachm."
                },
                "narrow": {
                  "am": "vorm.",
                  "noon": "Mittag",
                  "pm": "nachm."
                },
                "wide": {
                  "afternoon": "Nachmittag",
                  "am": "vorm.",
                  "earlyMorning": "Morgen",
                  "evening": "Abend",
                  "morning": "Vormittag",
                  "night": "Nacht",
                  "noon": "Mittag",
                  "pm": "nachm."
                }
              }
            },
            "eras": {
              "eraNames": {
                "0": "ERA0",
                "1": "ERA1"
              },
              "eraAbbr": {
                "0": "ERA0",
                "1": "ERA1"
              },
              "eraNarrow": {
                "0": "ERA0",
                "1": "ERA1"
              }
            },
            "dateFormats": {
              "full": "EEEE, d. MMMM y G",
              "long": "d. MMMM y G",
              "medium": "dd.MM.y G",
              "short": "dd.MM.yy GGGGG"
            },
            "timeFormats": {
              "full": "HH:mm:ss zzzz",
              "long": "HH:mm:ss z",
              "medium": "HH:mm:ss",
              "short": "HH:mm"
            },
            "dateTimeFormats": {
              "full": "{1} 'um' {0}",
              "long": "{1} 'um' {0}",
              "medium": "{1}, {0}",
              "short": "{1}, {0}",
              "availableFormats": {
                "E": "ccc",
                "EHm": "E HH:mm",
                "EHms": "E HH:mm:ss",
                "Ed": "E, d.",
                "Ehm": "E h:mm a",
                "Ehms": "E h:mm:ss a",
                "Gy": "y G",
                "GyMMM": "MMM y G",
                "GyMMMEd": "E, d. MMM y G",
                "GyMMMd": "d. MMM y G",
                "H": "HH 'Uhr'",
                "Hm": "HH:mm",
                "Hms": "HH:mm:ss",
                "M": "L",
                "MEd": "E, d.M.",
                "MMM": "LLL",
                "MMMEd": "E, d. MMM",
                "MMMd": "d. MMM",
                "Md": "d.M.",
                "d": "d",
                "h": "h a",
                "hm": "h:mm a",
                "hms": "h:mm:ss a",
                "ms": "mm:ss",
                "y": "y G",
                "yyyy": "y G",
                "yyyyM": "M.y GGGGG",
                "yyyyMEd": "E, d.M.y GGGGG",
                "yyyyMMM": "MMM y G",
                "yyyyMMMEd": "E, d. MMM y G",
                "yyyyMMMM": "MMMM y G",
                "yyyyMMMd": "d. MMM y G",
                "yyyyMd": "d.M.y GGGGG",
                "yyyyQQQ": "QQQ y G",
                "yyyyQQQQ": "QQQQ y G"
              },
              "appendItems": {
                "Day": "{0} ({2}: {1})",
                "Day-Of-Week": "{0} {1}",
                "Era": "{1} {0}",
                "Hour": "{0} ({2}: {1})",
                "Minute": "{0} ({2}: {1})",
                "Month": "{0} ({2}: {1})",
                "Quarter": "{0} ({2}: {1})",
                "Second": "{0} ({2}: {1})",
                "Timezone": "{0} {1}",
                "Week": "{0} ({2}: {1})",
                "Year": "{1} {0}"
              },
              "intervalFormats": {
                "intervalFormatFallback": "{0} - {1}",
                "H": {
                  "H": "HH-HH 'Uhr'"
                },
                "Hm": {
                  "H": "HH:mm-HH:mm",
                  "m": "HH:mm-HH:mm"
                },
                "Hmv": {
                  "H": "HH:mm-HH:mm v",
                  "m": "HH:mm-HH:mm v"
                },
                "Hv": {
                  "H": "HH-HH 'Uhr' v"
                },
                "M": {
                  "M": "M.-M."
                },
                "MEd": {
                  "M": "E, dd.MM. - E, dd.MM.",
                  "d": "E, dd.MM. - E, dd.MM."
                },
                "MMM": {
                  "M": "MMM-MMM"
                },
                "MMMEd": {
                  "M": "E, d. MMM - E, d. MMM",
                  "d": "E, d. - E, d. MMM"
                },
                "MMMM": {
                  "M": "LLLL-LLLL"
                },
                "MMMd": {
                  "M": "d. MMM - d. MMM",
                  "d": "d.-d. MMM"
                },
                "Md": {
                  "M": "dd.MM. - dd.MM.",
                  "d": "dd.MM. - dd.MM."
                },
                "d": {
                  "d": "d.-d."
                },
                "h": {
                  "a": "h a - h a",
                  "h": "h-h a"
                },
                "hm": {
                  "a": "h:mm a - h:mm a",
                  "h": "h:mm-h:mm a",
                  "m": "h:mm-h:mm a"
                },
                "hmv": {
                  "a": "h:mm a - h:mm a v",
                  "h": "h:mm-h:mm a v",
                  "m": "h:mm-h:mm a v"
                },
                "hv": {
                  "a": "h a - h a v",
                  "h": "h-h a v"
                },
                "y": {
                  "y": "y-y G"
                },
                "yM": {
                  "M": "MM.y - MM.y G",
                  "y": "MM.y - MM.y G"
                },
                "yMEd": {
                  "M": "E, dd.MM.y - E, dd.MM.y G",
                  "d": "E, dd.MM.y - E, dd.MM.y G",
                  "y": "E, dd.MM.y - E, dd.MM.y G"
                },
                "yMMM": {
                  "M": "MMM-MMM y G",
                  "y": "MMM y - MMM y G"
                },
                "yMMMEd": {
                  "M": "E, d. MMM - E, d. MMM y G",
                  "d": "E, d. - E, d. MMM y G",
                  "y": "E, d. MMM y - E, d. MMM y G"
                },
                "yMMMM": {
                  "M": "MMMM-MMMM y G",
                  "y": "MMMM y - MMMM y G"
                },
                "yMMMd": {
                  "M": "d. MMM - d. MMM y G",
                  "d": "d.-d. MMM y G",
                  "y": "d. MMM y - d. MMM y G"
                },
                "yMd": {
                  "M": "dd.MM.y - dd.MM.y G",
                  "d": "dd.MM.y - dd.MM.y G",
                  "y": "dd.MM.y - dd.MM.y G"
                }
              }
            }
          }
        }
      }
    }
  }
}
