{
  "main": {
    "de": {
      "identity": {
        "version": {
          "_cldrVersion": "26",
          "_number": "$Revision: 10809 $"
        },
        "generation": {
          "_date": "$Date: 2014-08-14 15:10:07 -0500 (Thu, 14 Aug 2014) $"
        },
        "language": "de"
      },
      "characters": {
        "exemplarCharacters": "[a ä b c d e f g h i j k l m n o ö p q r s ß t u ü v w x y z]",
        "auxiliary": "[á à ă â å ã ā æ ç é è ĕ ê ë ē ğ í ì ĭ î ï İ ī ı ñ ó ò ŏ ô ø ō œ ş ú ù ŭ û ū ÿ]",
        "punctuation": "[\\- ‐ – — , ; \\: ! ? . … ' ‘ ‚ \" “ „ « » ( ) \\[ \\] \\{ \\} § @ * / \\& #]",
        "index": "[A B C D E F G H I J K L M N O P Q R S T U V W X Y Z]",
        "ellipsis": {
          "initial": "… {0}",
          "medial": "{0} … {1}",
          "final": "{0} …",
          "word-initial": "… {0}",
          "word-medial": "{0} … {1}",
          "word-final": "{0} …"
        },
        "moreInformation": "?"
      }
    }
  }
}
