{
  "main": {
    "de": {
      "identity": {
        "version": {
          "_cldrVersion": "26",
          "_number": "$Revision: 10809 $"
        },
        "generation": {
          "_date": "$Date: 2014-08-14 15:10:07 -0500 (Thu, 14 Aug 2014) $"
        },
        "language": "de"
      },
      "localeDisplayNames": {
        "transformNames": {
          "BGN": "BGN",
          "Numeric": "Numerisch",
          "Tone": "Tonsprache",
          "UNGEGN": "UNGEGN",
          "x-Accents": "Akzente",
          "x-Fullwidth": "Breit",
          "x-Halfwidth": "Halbe Breite",
          "x-Jamo": "Jamo",
          "x-Pinyin": "Pinyin",
          "x-Publishing": "Veröffentlichung"
        }
      }
    }
  }
}
