{
  "main": {
    "de": {
      "identity": {
        "version": {
          "_cldrVersion": "26",
          "_number": "$Revision: 10809 $"
        },
        "generation": {
          "_date": "$Date: 2014-08-14 15:10:07 -0500 (Thu, 14 Aug 2014) $"
        },
        "language": "de"
      },
      "units": {
        "long": {
          "per": {
            "compoundUnitPattern": "{0} pro {1}"
          },
          "acceleration-g-force": {
            "displayName": "g-Kraft",
            "unitPattern-count-one": "{0}-fache Erdbeschleunigung",
            "unitPattern-count-other": "{0}-fache Erdbeschleunigung"
          },
          "acceleration-meter-per-second-squared": {
            "displayName": "Meter pro Quadratsekunde",
            "unitPattern-count-one": "{0} m/s²",
            "unitPattern-count-other": "{0} m/s²"
          },
          "angle-arc-minute": {
            "displayName": "Winkelminuten",
            "unitPattern-count-one": "{0} Winkelminute",
            "unitPattern-count-other": "{0} Winkelminuten"
          },
          "angle-arc-second": {
            "displayName": "Winkelsekunden",
            "unitPattern-count-one": "{0} Winkelsekunde",
            "unitPattern-count-other": "{0} Winkelsekunden"
          },
          "angle-degree": {
            "displayName": "Grad",
            "unitPattern-count-one": "{0} Grad",
            "unitPattern-count-other": "{0} Grad"
          },
          "angle-radian": {
            "displayName": "Radianten",
            "unitPattern-count-one": "{0} Radiant",
            "unitPattern-count-other": "{0} Radianten"
          },
          "area-acre": {
            "displayName": "Acres",
            "unitPattern-count-one": "{0} Acre",
            "unitPattern-count-other": "{0} Acres"
          },
          "area-hectare": {
            "displayName": "Hektar",
            "unitPattern-count-one": "{0} Hektar",
            "unitPattern-count-other": "{0} Hektar"
          },
          "area-square-centimeter": {
            "displayName": "Quadratzentimeter",
            "unitPattern-count-one": "{0} Quadratzentimeter",
            "unitPattern-count-other": "{0} Quadratzentimeter"
          },
          "area-square-foot": {
            "displayName": "Quadratfuß",
            "unitPattern-count-one": "{0} Quadratfuß",
            "unitPattern-count-other": "{0} Quadratfuß"
          },
          "area-square-inch": {
            "displayName": "Quadratzoll",
            "unitPattern-count-one": "{0} Quadratzoll",
            "unitPattern-count-other": "{0} Quadratzoll"
          },
          "area-square-kilometer": {
            "displayName": "Quadratkilometer",
            "unitPattern-count-one": "{0} Quadratkilometer",
            "unitPattern-count-other": "{0} Quadratkilometer"
          },
          "area-square-meter": {
            "displayName": "Quadratmeter",
            "unitPattern-count-one": "{0} Quadratmeter",
            "unitPattern-count-other": "{0} Quadratmeter"
          },
          "area-square-mile": {
            "displayName": "Quadratmeilen",
            "unitPattern-count-one": "{0} Quadratmeile",
            "unitPattern-count-other": "{0} Quadratmeilen"
          },
          "area-square-yard": {
            "displayName": "Quadratyards",
            "unitPattern-count-one": "{0} Quadratyard",
            "unitPattern-count-other": "{0} Quadratyards"
          },
          "consumption-liter-per-kilometer": {
            "displayName": "Liter pro Kilometer",
            "unitPattern-count-one": "{0} Liter pro Kilometer",
            "unitPattern-count-other": "{0} Liter pro Kilometer"
          },
          "consumption-mile-per-gallon": {
            "displayName": "Meilen pro Gallone",
            "unitPattern-count-one": "{0} Meile pro Gallone",
            "unitPattern-count-other": "{0} Meilen pro Gallone"
          },
          "digital-bit": {
            "displayName": "Bits",
            "unitPattern-count-one": "{0} Bit",
            "unitPattern-count-other": "{0} Bits"
          },
          "digital-byte": {
            "displayName": "Bytes",
            "unitPattern-count-one": "{0} Byte",
            "unitPattern-count-other": "{0} Bytes"
          },
          "digital-gigabit": {
            "displayName": "Gigabits",
            "unitPattern-count-one": "{0} Gigabit",
            "unitPattern-count-other": "{0} Gigabits"
          },
          "digital-gigabyte": {
            "displayName": "Gigabytes",
            "unitPattern-count-one": "{0} Gigabyte",
            "unitPattern-count-other": "{0} Gigabytes"
          },
          "digital-kilobit": {
            "displayName": "Kilobits",
            "unitPattern-count-one": "{0} Kilobit",
            "unitPattern-count-other": "{0} Kilobits"
          },
          "digital-kilobyte": {
            "displayName": "Kilobytes",
            "unitPattern-count-one": "{0} Kilobyte",
            "unitPattern-count-other": "{0} Kilobytes"
          },
          "digital-megabit": {
            "displayName": "Megabits",
            "unitPattern-count-one": "{0} Megabit",
            "unitPattern-count-other": "{0} Megabits"
          },
          "digital-megabyte": {
            "displayName": "Megabytes",
            "unitPattern-count-one": "{0} Megabyte",
            "unitPattern-count-other": "{0} Megabytes"
          },
          "digital-terabit": {
            "displayName": "Terabits",
            "unitPattern-count-one": "{0} Terabit",
            "unitPattern-count-other": "{0} Terabits"
          },
          "digital-terabyte": {
            "displayName": "Terabytes",
            "unitPattern-count-one": "{0} Terabyte",
            "unitPattern-count-other": "{0} Terabytes"
          },
          "duration-day": {
            "displayName": "Tage",
            "unitPattern-count-one": "{0} Tag",
            "unitPattern-count-other": "{0} Tage"
          },
          "duration-hour": {
            "displayName": "Stunden",
            "unitPattern-count-one": "{0} Stunde",
            "unitPattern-count-other": "{0} Stunden",
            "perUnitPattern": "{0} pro Stunde"
          },
          "duration-microsecond": {
            "displayName": "Mikrosekunden",
            "unitPattern-count-one": "{0} Mikrosekunde",
            "unitPattern-count-other": "{0} Mikrosekunden"
          },
          "duration-millisecond": {
            "displayName": "Millisekunden",
            "unitPattern-count-one": "{0} Millisekunde",
            "unitPattern-count-other": "{0} Millisekunden"
          },
          "duration-minute": {
            "displayName": "Minuten",
            "unitPattern-count-one": "{0} Minute",
            "unitPattern-count-other": "{0} Minuten"
          },
          "duration-month": {
            "displayName": "Monate",
            "unitPattern-count-one": "{0} Monat",
            "unitPattern-count-other": "{0} Monate"
          },
          "duration-nanosecond": {
            "displayName": "Nanosekunden",
            "unitPattern-count-one": "{0} Nanosekunde",
            "unitPattern-count-other": "{0} Nanosekunden"
          },
          "duration-second": {
            "displayName": "Sekunden",
            "unitPattern-count-one": "{0} Sekunde",
            "unitPattern-count-other": "{0} Sekunden",
            "perUnitPattern": "{0} pro Sekunde"
          },
          "duration-week": {
            "displayName": "Wochen",
            "unitPattern-count-one": "{0} Woche",
            "unitPattern-count-other": "{0} Wochen"
          },
          "duration-year": {
            "displayName": "Jahre",
            "unitPattern-count-one": "{0} Jahr",
            "unitPattern-count-other": "{0} Jahre"
          },
          "electric-ampere": {
            "displayName": "Ampere",
            "unitPattern-count-one": "{0} Ampere",
            "unitPattern-count-other": "{0} Ampere"
          },
          "electric-milliampere": {
            "displayName": "Milliampere",
            "unitPattern-count-one": "{0} Milliampere",
            "unitPattern-count-other": "{0} Milliampere"
          },
          "electric-ohm": {
            "displayName": "Ohm",
            "unitPattern-count-one": "{0} Ohm",
            "unitPattern-count-other": "{0} Ohm"
          },
          "electric-volt": {
            "displayName": "Volt",
            "unitPattern-count-one": "{0} Volt",
            "unitPattern-count-other": "{0} Volt"
          },
          "energy-calorie": {
            "displayName": "Kalorien",
            "unitPattern-count-one": "{0} Kalorie",
            "unitPattern-count-other": "{0} Kalorien"
          },
          "energy-foodcalorie": {
            "displayName": "Kilokalorien",
            "unitPattern-count-one": "{0} Cal",
            "unitPattern-count-other": "{0} Kilokalorien"
          },
          "energy-joule": {
            "displayName": "Joule",
            "unitPattern-count-one": "{0} Joule",
            "unitPattern-count-other": "{0} Joule"
          },
          "energy-kilocalorie": {
            "displayName": "Kilokalorien",
            "unitPattern-count-one": "{0} Kilokalorie",
            "unitPattern-count-other": "{0} Kilokalorien"
          },
          "energy-kilojoule": {
            "displayName": "Kilojoule",
            "unitPattern-count-one": "{0} Kilojoule",
            "unitPattern-count-other": "{0} Kilojoule"
          },
          "energy-kilowatt-hour": {
            "displayName": "Kilowattstunden",
            "unitPattern-count-one": "{0} Kilowattstunde",
            "unitPattern-count-other": "{0} Kilowattstunden"
          },
          "frequency-gigahertz": {
            "displayName": "Gigahertz",
            "unitPattern-count-one": "{0} Gigahertz",
            "unitPattern-count-other": "{0} Gigahertz"
          },
          "frequency-hertz": {
            "displayName": "Hertz",
            "unitPattern-count-one": "{0} Hertz",
            "unitPattern-count-other": "{0} Hertz"
          },
          "frequency-kilohertz": {
            "displayName": "Kilohertz",
            "unitPattern-count-one": "{0} Kilohertz",
            "unitPattern-count-other": "{0} Kilohertz"
          },
          "frequency-megahertz": {
            "displayName": "Megahertz",
            "unitPattern-count-one": "{0} Megahertz",
            "unitPattern-count-other": "{0} Megahertz"
          },
          "length-astronomical-unit": {
            "displayName": "Astronomische Einheiten",
            "unitPattern-count-one": "{0} AE",
            "unitPattern-count-other": "{0} AE"
          },
          "length-centimeter": {
            "displayName": "Zentimeter",
            "unitPattern-count-one": "{0} Zentimeter",
            "unitPattern-count-other": "{0} Zentimeter"
          },
          "length-decimeter": {
            "displayName": "Dezimeter",
            "unitPattern-count-one": "{0} Dezimeter",
            "unitPattern-count-other": "{0} Dezimeter"
          },
          "length-fathom": {
            "displayName": "Nautischer Faden",
            "unitPattern-count-one": "{0} Faden",
            "unitPattern-count-other": "{0} Faden"
          },
          "length-foot": {
            "displayName": "Fuß",
            "unitPattern-count-one": "{0} Fuß",
            "unitPattern-count-other": "{0} Fuß"
          },
          "length-furlong": {
            "displayName": "Furlong",
            "unitPattern-count-one": "{0} Furlong",
            "unitPattern-count-other": "{0} Furlong"
          },
          "length-inch": {
            "displayName": "Zoll",
            "unitPattern-count-one": "{0} Zoll",
            "unitPattern-count-other": "{0} Zoll"
          },
          "length-kilometer": {
            "displayName": "Kilometer",
            "unitPattern-count-one": "{0} Kilometer",
            "unitPattern-count-other": "{0} Kilometer"
          },
          "length-light-year": {
            "displayName": "Lichtjahre",
            "unitPattern-count-one": "{0} Lichtjahr",
            "unitPattern-count-other": "{0} Lichtjahre"
          },
          "length-meter": {
            "displayName": "Meter",
            "unitPattern-count-one": "{0} Meter",
            "unitPattern-count-other": "{0} Meter"
          },
          "length-micrometer": {
            "displayName": "Mikrometer",
            "unitPattern-count-one": "{0} Mikrometer",
            "unitPattern-count-other": "{0} Mikrometer"
          },
          "length-mile": {
            "displayName": "Meilen",
            "unitPattern-count-one": "{0} Meile",
            "unitPattern-count-other": "{0} Meilen"
          },
          "length-millimeter": {
            "displayName": "Millimeter",
            "unitPattern-count-one": "{0} Millimeter",
            "unitPattern-count-other": "{0} Millimeter"
          },
          "length-nanometer": {
            "displayName": "Nanometer",
            "unitPattern-count-one": "{0} Nanometer",
            "unitPattern-count-other": "{0} Nanometer"
          },
          "length-nautical-mile": {
            "displayName": "Seemeilen",
            "unitPattern-count-one": "{0} Seemeile",
            "unitPattern-count-other": "{0} Seemeilen"
          },
          "length-parsec": {
            "displayName": "Parsec",
            "unitPattern-count-one": "{0} Parsec",
            "unitPattern-count-other": "{0} Parsec"
          },
          "length-picometer": {
            "displayName": "Pikometer",
            "unitPattern-count-one": "{0} Pikometer",
            "unitPattern-count-other": "{0} Pikometer"
          },
          "length-yard": {
            "displayName": "Yards",
            "unitPattern-count-one": "{0} Yard",
            "unitPattern-count-other": "{0} Yards"
          },
          "light-lux": {
            "displayName": "Lux",
            "unitPattern-count-one": "{0} Lux",
            "unitPattern-count-other": "{0} Lux"
          },
          "mass-carat": {
            "displayName": "Karat",
            "unitPattern-count-one": "{0} Karat",
            "unitPattern-count-other": "{0} Karat"
          },
          "mass-gram": {
            "displayName": "Gramm",
            "unitPattern-count-one": "{0} Gramm",
            "unitPattern-count-other": "{0} Gramm"
          },
          "mass-kilogram": {
            "displayName": "Kilogramm",
            "unitPattern-count-one": "{0} Kilogramm",
            "unitPattern-count-other": "{0} Kilogramm"
          },
          "mass-metric-ton": {
            "displayName": "Tonnen",
            "unitPattern-count-one": "{0} Tonne",
            "unitPattern-count-other": "{0} Tonnen"
          },
          "mass-microgram": {
            "displayName": "Mikrogramm",
            "unitPattern-count-one": "{0} Mikrogramm",
            "unitPattern-count-other": "{0} Mikrogramm"
          },
          "mass-milligram": {
            "displayName": "Milligramm",
            "unitPattern-count-one": "{0} Milligramm",
            "unitPattern-count-other": "{0} Milligramm"
          },
          "mass-ounce": {
            "displayName": "Unzen",
            "unitPattern-count-one": "{0} Unze",
            "unitPattern-count-other": "{0} Unzen"
          },
          "mass-ounce-troy": {
            "displayName": "Feinunzen",
            "unitPattern-count-one": "{0} Feinunze",
            "unitPattern-count-other": "{0} Feinunzen"
          },
          "mass-pound": {
            "displayName": "Pfund",
            "unitPattern-count-one": "{0} Pfund",
            "unitPattern-count-other": "{0} Pfund"
          },
          "mass-stone": {
            "displayName": "Stones",
            "unitPattern-count-one": "{0} Stone",
            "unitPattern-count-other": "{0} Stones"
          },
          "mass-ton": {
            "displayName": "Short Tons",
            "unitPattern-count-one": "{0} Short Ton",
            "unitPattern-count-other": "{0} Short Tons"
          },
          "power-gigawatt": {
            "displayName": "Gigawatt",
            "unitPattern-count-one": "{0} Gigawatt",
            "unitPattern-count-other": "{0} Gigawatt"
          },
          "power-horsepower": {
            "displayName": "Pferdestärken",
            "unitPattern-count-one": "{0} Pferdestärke",
            "unitPattern-count-other": "{0} Pferdestärken"
          },
          "power-kilowatt": {
            "displayName": "Kilowatt",
            "unitPattern-count-one": "{0} Kilowatt",
            "unitPattern-count-other": "{0} Kilowatt"
          },
          "power-megawatt": {
            "displayName": "Megawatt",
            "unitPattern-count-one": "{0} Megawatt",
            "unitPattern-count-other": "{0} Megawatt"
          },
          "power-milliwatt": {
            "displayName": "Milliwatt",
            "unitPattern-count-one": "{0} Milliwatt",
            "unitPattern-count-other": "{0} Milliwatt"
          },
          "power-watt": {
            "displayName": "Watt",
            "unitPattern-count-one": "{0} Watt",
            "unitPattern-count-other": "{0} Watt"
          },
          "pressure-hectopascal": {
            "displayName": "Hektopascal",
            "unitPattern-count-one": "{0} Hektopascal",
            "unitPattern-count-other": "{0} Hektopascal"
          },
          "pressure-inch-hg": {
            "displayName": "Zoll Quecksilbersäule",
            "unitPattern-count-one": "{0} Zoll Quecksilbersäule",
            "unitPattern-count-other": "{0} Zoll Quecksilbersäule"
          },
          "pressure-millibar": {
            "displayName": "Millibar",
            "unitPattern-count-one": "{0} Millibar",
            "unitPattern-count-other": "{0} Millibar"
          },
          "pressure-millimeter-of-mercury": {
            "displayName": "Millimeter Quecksilbersäule",
            "unitPattern-count-one": "{0} Millimeter Quecksilbersäule",
            "unitPattern-count-other": "{0} Millimeter Quecksilbersäule"
          },
          "pressure-pound-per-square-inch": {
            "displayName": "Pfund pro Quadratzoll",
            "unitPattern-count-one": "{0} Pfund pro Quadratzoll",
            "unitPattern-count-other": "{0} Pfund pro Quadratzoll"
          },
          "proportion-karat": {
            "displayName": "Karat",
            "unitPattern-count-one": "{0} Karat",
            "unitPattern-count-other": "{0} Karat"
          },
          "speed-kilometer-per-hour": {
            "displayName": "Kilometer pro Stunde",
            "unitPattern-count-one": "{0} Kilometer pro Stunde",
            "unitPattern-count-other": "{0} Kilometer pro Stunde"
          },
          "speed-meter-per-second": {
            "displayName": "Meter pro Sekunde",
            "unitPattern-count-one": "{0} Meter pro Sekunde",
            "unitPattern-count-other": "{0} Meter pro Sekunde"
          },
          "speed-mile-per-hour": {
            "displayName": "Meilen pro Stunde",
            "unitPattern-count-one": "{0} Meile pro Stunde",
            "unitPattern-count-other": "{0} Meilen pro Stunde"
          },
          "temperature-celsius": {
            "displayName": "Grad Celsius",
            "unitPattern-count-one": "{0} Grad Celsius",
            "unitPattern-count-other": "{0} Grad Celsius"
          },
          "temperature-fahrenheit": {
            "displayName": "Grad Fahrenheit",
            "unitPattern-count-one": "{0} Grad Fahrenheit",
            "unitPattern-count-other": "{0} Grad Fahrenheit"
          },
          "temperature-kelvin": {
            "displayName": "Kelvin",
            "unitPattern-count-one": "{0} Kelvin",
            "unitPattern-count-other": "{0} Kelvin"
          },
          "volume-acre-foot": {
            "displayName": "Acre-Feet",
            "unitPattern-count-one": "{0} Acre-Foot",
            "unitPattern-count-other": "{0} Acre-Feet"
          },
          "volume-bushel": {
            "displayName": "Bushel",
            "unitPattern-count-one": "{0} Bushel",
            "unitPattern-count-other": "{0} Bushel"
          },
          "volume-centiliter": {
            "displayName": "Zentiliter",
            "unitPattern-count-one": "{0} Zentiliter",
            "unitPattern-count-other": "{0} Zentiliter"
          },
          "volume-cubic-centimeter": {
            "displayName": "Kubikzentimeter",
            "unitPattern-count-one": "{0} Kubikzentimeter",
            "unitPattern-count-other": "{0} Kubikzentimeter"
          },
          "volume-cubic-foot": {
            "displayName": "Kubikfuß",
            "unitPattern-count-one": "{0} Kubikfuß",
            "unitPattern-count-other": "{0} Kubikfuß"
          },
          "volume-cubic-inch": {
            "displayName": "Kubikzoll",
            "unitPattern-count-one": "{0} Kubikzoll",
            "unitPattern-count-other": "{0} Kubikzoll"
          },
          "volume-cubic-kilometer": {
            "displayName": "Kubikkilometer",
            "unitPattern-count-one": "{0} Kubikkilometer",
            "unitPattern-count-other": "{0} Kubikkilometer"
          },
          "volume-cubic-meter": {
            "displayName": "Kubikmeter",
            "unitPattern-count-one": "{0} Kubikmeter",
            "unitPattern-count-other": "{0} Kubikmeter"
          },
          "volume-cubic-mile": {
            "displayName": "Kubikmeilen",
            "unitPattern-count-one": "{0} Kubikmeile",
            "unitPattern-count-other": "{0} Kubikmeilen"
          },
          "volume-cubic-yard": {
            "displayName": "Kubikyards",
            "unitPattern-count-one": "{0} Kubikyard",
            "unitPattern-count-other": "{0} Kubikyards"
          },
          "volume-cup": {
            "displayName": "Cups",
            "unitPattern-count-one": "{0} Cup",
            "unitPattern-count-other": "{0} Cups"
          },
          "volume-deciliter": {
            "displayName": "Deziliter",
            "unitPattern-count-one": "{0} Deziliter",
            "unitPattern-count-other": "{0} Deziliter"
          },
          "volume-fluid-ounce": {
            "displayName": "Flüssigunzen",
            "unitPattern-count-one": "{0} Flüssigunze",
            "unitPattern-count-other": "{0} Flüssigunzen"
          },
          "volume-gallon": {
            "displayName": "Gallonen",
            "unitPattern-count-one": "{0} Gallone",
            "unitPattern-count-other": "{0} Gallonen"
          },
          "volume-hectoliter": {
            "displayName": "Hektoliter",
            "unitPattern-count-one": "{0} Hektoliter",
            "unitPattern-count-other": "{0} Hektoliter"
          },
          "volume-liter": {
            "displayName": "Liter",
            "unitPattern-count-one": "{0} Liter",
            "unitPattern-count-other": "{0} Liter"
          },
          "volume-megaliter": {
            "displayName": "Megaliter",
            "unitPattern-count-one": "{0} Megaliter",
            "unitPattern-count-other": "{0} Megaliter"
          },
          "volume-milliliter": {
            "displayName": "Milliliter",
            "unitPattern-count-one": "{0} Milliliter",
            "unitPattern-count-other": "{0} Milliliter"
          },
          "volume-pint": {
            "displayName": "Pints",
            "unitPattern-count-one": "{0} Pint",
            "unitPattern-count-other": "{0} Pints"
          },
          "volume-quart": {
            "displayName": "Quart",
            "unitPattern-count-one": "{0} Quart",
            "unitPattern-count-other": "{0} Quart"
          },
          "volume-tablespoon": {
            "displayName": "Esslöffel",
            "unitPattern-count-one": "{0} Esslöffel",
            "unitPattern-count-other": "{0} Esslöffel"
          },
          "volume-teaspoon": {
            "displayName": "Teelöffel",
            "unitPattern-count-one": "{0} Teelöffel",
            "unitPattern-count-other": "{0} Teelöffel"
          }
        },
        "short": {
          "per": {
            "compoundUnitPattern": "{0}/{1}"
          },
          "acceleration-g-force": {
            "displayName": "g-Kraft",
            "unitPattern-count-one": "{0} G",
            "unitPattern-count-other": "{0} G"
          },
          "acceleration-meter-per-second-squared": {
            "displayName": "m/s²",
            "unitPattern-count-one": "{0} m/s²",
            "unitPattern-count-other": "{0} m/s²"
          },
          "angle-arc-minute": {
            "displayName": "Winkelminuten",
            "unitPattern-count-one": "{0}′",
            "unitPattern-count-other": "{0}′"
          },
          "angle-arc-second": {
            "displayName": "Winkelsekunden",
            "unitPattern-count-one": "{0}″",
            "unitPattern-count-other": "{0}″"
          },
          "angle-degree": {
            "displayName": "Grad",
            "unitPattern-count-one": "{0}°",
            "unitPattern-count-other": "{0}°"
          },
          "angle-radian": {
            "displayName": "rad",
            "unitPattern-count-one": "{0} rad",
            "unitPattern-count-other": "{0} rad"
          },
          "area-acre": {
            "displayName": "Acres",
            "unitPattern-count-one": "{0} ac",
            "unitPattern-count-other": "{0} ac"
          },
          "area-hectare": {
            "displayName": "Hektar",
            "unitPattern-count-one": "{0} ha",
            "unitPattern-count-other": "{0} ha"
          },
          "area-square-centimeter": {
            "displayName": "cm²",
            "unitPattern-count-one": "{0} cm²",
            "unitPattern-count-other": "{0} cm²"
          },
          "area-square-foot": {
            "displayName": "ft²",
            "unitPattern-count-one": "{0} ft²",
            "unitPattern-count-other": "{0} ft²"
          },
          "area-square-inch": {
            "displayName": "in²",
            "unitPattern-count-one": "{0} in²",
            "unitPattern-count-other": "{0} in²"
          },
          "area-square-kilometer": {
            "displayName": "km²",
            "unitPattern-count-one": "{0} km²",
            "unitPattern-count-other": "{0} km²"
          },
          "area-square-meter": {
            "displayName": "m²",
            "unitPattern-count-one": "{0} m²",
            "unitPattern-count-other": "{0} m²"
          },
          "area-square-mile": {
            "displayName": "mi²",
            "unitPattern-count-one": "{0} mi²",
            "unitPattern-count-other": "{0} mi²"
          },
          "area-square-yard": {
            "displayName": "yd²",
            "unitPattern-count-one": "{0} yd²",
            "unitPattern-count-other": "{0} yd²"
          },
          "consumption-liter-per-kilometer": {
            "displayName": "l/km",
            "unitPattern-count-one": "{0} l/km",
            "unitPattern-count-other": "{0} l/km"
          },
          "consumption-mile-per-gallon": {
            "displayName": "mpg",
            "unitPattern-count-one": "{0} mpg",
            "unitPattern-count-other": "{0} mpg"
          },
          "digital-bit": {
            "displayName": "Bit",
            "unitPattern-count-one": "{0} Bit",
            "unitPattern-count-other": "{0} Bits"
          },
          "digital-byte": {
            "displayName": "Byte",
            "unitPattern-count-one": "{0} Byte",
            "unitPattern-count-other": "{0} Bytes"
          },
          "digital-gigabit": {
            "displayName": "Gigabit",
            "unitPattern-count-one": "{0} Gb",
            "unitPattern-count-other": "{0} Gb"
          },
          "digital-gigabyte": {
            "displayName": "Gigabyte",
            "unitPattern-count-one": "{0} GB",
            "unitPattern-count-other": "{0} GB"
          },
          "digital-kilobit": {
            "displayName": "kbit",
            "unitPattern-count-one": "{0} kb",
            "unitPattern-count-other": "{0} kb"
          },
          "digital-kilobyte": {
            "displayName": "kbyte",
            "unitPattern-count-one": "{0} kB",
            "unitPattern-count-other": "{0} kB"
          },
          "digital-megabit": {
            "displayName": "Mbit",
            "unitPattern-count-one": "{0} Mb",
            "unitPattern-count-other": "{0} Mb"
          },
          "digital-megabyte": {
            "displayName": "Mbyte",
            "unitPattern-count-one": "{0} MB",
            "unitPattern-count-other": "{0} MB"
          },
          "digital-terabit": {
            "displayName": "Tb",
            "unitPattern-count-one": "{0} Tb",
            "unitPattern-count-other": "{0} Tb"
          },
          "digital-terabyte": {
            "displayName": "TB",
            "unitPattern-count-one": "{0} TB",
            "unitPattern-count-other": "{0} TB"
          },
          "duration-day": {
            "displayName": "Tage",
            "unitPattern-count-one": "{0} T",
            "unitPattern-count-other": "{0} T"
          },
          "duration-hour": {
            "displayName": "Stunden",
            "unitPattern-count-one": "{0} Std.",
            "unitPattern-count-other": "{0} Std.",
            "perUnitPattern": "{0}/h"
          },
          "duration-microsecond": {
            "displayName": "μs",
            "unitPattern-count-one": "{0} μs",
            "unitPattern-count-other": "{0} μs"
          },
          "duration-millisecond": {
            "displayName": "Millisekunden",
            "unitPattern-count-one": "{0} ms",
            "unitPattern-count-other": "{0} ms"
          },
          "duration-minute": {
            "displayName": "Min.",
            "unitPattern-count-one": "{0} Min.",
            "unitPattern-count-other": "{0} Min."
          },
          "duration-month": {
            "displayName": "Monate",
            "unitPattern-count-one": "{0} Mon",
            "unitPattern-count-other": "{0} Mon"
          },
          "duration-nanosecond": {
            "displayName": "Nanosekunden",
            "unitPattern-count-one": "{0} ns",
            "unitPattern-count-other": "{0} ns"
          },
          "duration-second": {
            "displayName": "Sek.",
            "unitPattern-count-one": "{0} Sek.",
            "unitPattern-count-other": "{0} Sek.",
            "perUnitPattern": "{0}/s"
          },
          "duration-week": {
            "displayName": "Wochen",
            "unitPattern-count-one": "{0} W",
            "unitPattern-count-other": "{0} W"
          },
          "duration-year": {
            "displayName": "Jahre",
            "unitPattern-count-one": "{0} J",
            "unitPattern-count-other": "{0} J"
          },
          "electric-ampere": {
            "displayName": "Ampere",
            "unitPattern-count-one": "{0} A",
            "unitPattern-count-other": "{0} A"
          },
          "electric-milliampere": {
            "displayName": "mA",
            "unitPattern-count-one": "{0} mA",
            "unitPattern-count-other": "{0} mA"
          },
          "electric-ohm": {
            "displayName": "Ohm",
            "unitPattern-count-one": "{0} Ω",
            "unitPattern-count-other": "{0} Ω"
          },
          "electric-volt": {
            "displayName": "Volt",
            "unitPattern-count-one": "{0} V",
            "unitPattern-count-other": "{0} V"
          },
          "energy-calorie": {
            "displayName": "cal",
            "unitPattern-count-one": "{0} cal",
            "unitPattern-count-other": "{0} cal"
          },
          "energy-foodcalorie": {
            "displayName": "kcal",
            "unitPattern-count-one": "{0} kcal",
            "unitPattern-count-other": "{0} kcal"
          },
          "energy-joule": {
            "displayName": "Joule",
            "unitPattern-count-one": "{0} J",
            "unitPattern-count-other": "{0} J"
          },
          "energy-kilocalorie": {
            "displayName": "kcal",
            "unitPattern-count-one": "{0} kcal",
            "unitPattern-count-other": "{0} kcal"
          },
          "energy-kilojoule": {
            "displayName": "Kilojoule",
            "unitPattern-count-one": "{0} kJ",
            "unitPattern-count-other": "{0} kJ"
          },
          "energy-kilowatt-hour": {
            "displayName": "kWh",
            "unitPattern-count-one": "{0} kWh",
            "unitPattern-count-other": "{0} kWh"
          },
          "frequency-gigahertz": {
            "displayName": "GHz",
            "unitPattern-count-one": "{0} GHz",
            "unitPattern-count-other": "{0} GHz"
          },
          "frequency-hertz": {
            "displayName": "Hz",
            "unitPattern-count-one": "{0} Hz",
            "unitPattern-count-other": "{0} Hz"
          },
          "frequency-kilohertz": {
            "displayName": "kHz",
            "unitPattern-count-one": "{0} kHz",
            "unitPattern-count-other": "{0} kHz"
          },
          "frequency-megahertz": {
            "displayName": "MHz",
            "unitPattern-count-one": "{0} MHz",
            "unitPattern-count-other": "{0} MHz"
          },
          "length-astronomical-unit": {
            "displayName": "AE",
            "unitPattern-count-one": "{0} AE",
            "unitPattern-count-other": "{0} AE"
          },
          "length-centimeter": {
            "displayName": "cm",
            "unitPattern-count-one": "{0} cm",
            "unitPattern-count-other": "{0} cm"
          },
          "length-decimeter": {
            "displayName": "dm",
            "unitPattern-count-one": "{0} dm",
            "unitPattern-count-other": "{0} dm"
          },
          "length-fathom": {
            "displayName": "Faden",
            "unitPattern-count-one": "{0} fm",
            "unitPattern-count-other": "{0} fm"
          },
          "length-foot": {
            "displayName": "Fuß",
            "unitPattern-count-one": "{0} ft",
            "unitPattern-count-other": "{0} ft"
          },
          "length-furlong": {
            "displayName": "Furlong",
            "unitPattern-count-one": "{0} fur",
            "unitPattern-count-other": "{0} fur"
          },
          "length-inch": {
            "displayName": "Zoll",
            "unitPattern-count-one": "{0} in",
            "unitPattern-count-other": "{0} in"
          },
          "length-kilometer": {
            "displayName": "Kilometer",
            "unitPattern-count-one": "{0} km",
            "unitPattern-count-other": "{0} km"
          },
          "length-light-year": {
            "displayName": "Lichtjahre",
            "unitPattern-count-one": "{0} Lj",
            "unitPattern-count-other": "{0} Lj"
          },
          "length-meter": {
            "displayName": "Meter",
            "unitPattern-count-one": "{0} m",
            "unitPattern-count-other": "{0} m"
          },
          "length-micrometer": {
            "displayName": "µm",
            "unitPattern-count-one": "{0} µm",
            "unitPattern-count-other": "{0} µm"
          },
          "length-mile": {
            "displayName": "Meilen",
            "unitPattern-count-one": "{0} mi",
            "unitPattern-count-other": "{0} mi"
          },
          "length-millimeter": {
            "displayName": "Millimeter",
            "unitPattern-count-one": "{0} mm",
            "unitPattern-count-other": "{0} mm"
          },
          "length-nanometer": {
            "displayName": "nm",
            "unitPattern-count-one": "{0} nm",
            "unitPattern-count-other": "{0} nm"
          },
          "length-nautical-mile": {
            "displayName": "sm",
            "unitPattern-count-one": "{0} sm",
            "unitPattern-count-other": "{0} sm"
          },
          "length-parsec": {
            "displayName": "Parsec",
            "unitPattern-count-one": "{0} pc",
            "unitPattern-count-other": "{0} pc"
          },
          "length-picometer": {
            "displayName": "Pikometer",
            "unitPattern-count-one": "{0} pm",
            "unitPattern-count-other": "{0} pm"
          },
          "length-yard": {
            "displayName": "Yards",
            "unitPattern-count-one": "{0} yd",
            "unitPattern-count-other": "{0} yd"
          },
          "light-lux": {
            "displayName": "Lux",
            "unitPattern-count-one": "{0} lx",
            "unitPattern-count-other": "{0} lx"
          },
          "mass-carat": {
            "displayName": "Karat",
            "unitPattern-count-one": "{0} Kt",
            "unitPattern-count-other": "{0} Kt"
          },
          "mass-gram": {
            "displayName": "Gramm",
            "unitPattern-count-one": "{0} g",
            "unitPattern-count-other": "{0} g"
          },
          "mass-kilogram": {
            "displayName": "kg",
            "unitPattern-count-one": "{0} kg",
            "unitPattern-count-other": "{0} kg"
          },
          "mass-metric-ton": {
            "displayName": "t",
            "unitPattern-count-one": "{0} t",
            "unitPattern-count-other": "{0} t"
          },
          "mass-microgram": {
            "displayName": "µg",
            "unitPattern-count-one": "{0} µg",
            "unitPattern-count-other": "{0} µg"
          },
          "mass-milligram": {
            "displayName": "mg",
            "unitPattern-count-one": "{0} mg",
            "unitPattern-count-other": "{0} mg"
          },
          "mass-ounce": {
            "displayName": "Unzen",
            "unitPattern-count-one": "{0} oz",
            "unitPattern-count-other": "{0} oz"
          },
          "mass-ounce-troy": {
            "displayName": "oz.tr.",
            "unitPattern-count-one": "{0} oz.tr.",
            "unitPattern-count-other": "{0} oz.tr."
          },
          "mass-pound": {
            "displayName": "Pfund",
            "unitPattern-count-one": "{0} lb",
            "unitPattern-count-other": "{0} lb"
          },
          "mass-stone": {
            "displayName": "Stones",
            "unitPattern-count-one": "{0} st",
            "unitPattern-count-other": "{0} st"
          },
          "mass-ton": {
            "displayName": "Tons",
            "unitPattern-count-one": "{0} tn",
            "unitPattern-count-other": "{0} tn"
          },
          "power-gigawatt": {
            "displayName": "GW",
            "unitPattern-count-one": "{0} GW",
            "unitPattern-count-other": "{0} GW"
          },
          "power-horsepower": {
            "displayName": "Pferdestärken",
            "unitPattern-count-one": "{0} PS",
            "unitPattern-count-other": "{0} PS"
          },
          "power-kilowatt": {
            "displayName": "Kilowatt",
            "unitPattern-count-one": "{0} kW",
            "unitPattern-count-other": "{0} kW"
          },
          "power-megawatt": {
            "displayName": "MW",
            "unitPattern-count-one": "{0} MW",
            "unitPattern-count-other": "{0} MW"
          },
          "power-milliwatt": {
            "displayName": "mW",
            "unitPattern-count-one": "{0} mW",
            "unitPattern-count-other": "{0} mW"
          },
          "power-watt": {
            "displayName": "Watt",
            "unitPattern-count-one": "{0} W",
            "unitPattern-count-other": "{0} W"
          },
          "pressure-hectopascal": {
            "displayName": "hPa",
            "unitPattern-count-one": "{0} hPa",
            "unitPattern-count-other": "{0} hPa"
          },
          "pressure-inch-hg": {
            "displayName": "inHg",
            "unitPattern-count-one": "{0} inHg",
            "unitPattern-count-other": "{0} inHg"
          },
          "pressure-millibar": {
            "displayName": "Millibar",
            "unitPattern-count-one": "{0} mbar",
            "unitPattern-count-other": "{0} mbar"
          },
          "pressure-millimeter-of-mercury": {
            "displayName": "mm Hg",
            "unitPattern-count-one": "{0} mm Hg",
            "unitPattern-count-other": "{0} mm Hg"
          },
          "pressure-pound-per-square-inch": {
            "displayName": "psi",
            "unitPattern-count-one": "{0} psi",
            "unitPattern-count-other": "{0} psi"
          },
          "proportion-karat": {
            "displayName": "Karat",
            "unitPattern-count-one": "{0} kt",
            "unitPattern-count-other": "{0} kt"
          },
          "speed-kilometer-per-hour": {
            "displayName": "km/h",
            "unitPattern-count-one": "{0} km/h",
            "unitPattern-count-other": "{0} km/h"
          },
          "speed-meter-per-second": {
            "displayName": "m/s",
            "unitPattern-count-one": "{0} m/s",
            "unitPattern-count-other": "{0} m/s"
          },
          "speed-mile-per-hour": {
            "displayName": "mi/h",
            "unitPattern-count-one": "{0} mi/h",
            "unitPattern-count-other": "{0} mi/h"
          },
          "temperature-celsius": {
            "displayName": "°C",
            "unitPattern-count-one": "{0} °C",
            "unitPattern-count-other": "{0} °C"
          },
          "temperature-fahrenheit": {
            "displayName": "°F",
            "unitPattern-count-one": "{0}°F",
            "unitPattern-count-other": "{0}°F"
          },
          "temperature-kelvin": {
            "displayName": "K",
            "unitPattern-count-one": "{0} K",
            "unitPattern-count-other": "{0} K"
          },
          "volume-acre-foot": {
            "displayName": "Acre-Feet",
            "unitPattern-count-one": "{0} ac ft",
            "unitPattern-count-other": "{0} ac ft"
          },
          "volume-bushel": {
            "displayName": "Bushel",
            "unitPattern-count-one": "{0} bu",
            "unitPattern-count-other": "{0} bu"
          },
          "volume-centiliter": {
            "displayName": "cl",
            "unitPattern-count-one": "{0} cl",
            "unitPattern-count-other": "{0} cl"
          },
          "volume-cubic-centimeter": {
            "displayName": "cm³",
            "unitPattern-count-one": "{0} cm³",
            "unitPattern-count-other": "{0} cm³"
          },
          "volume-cubic-foot": {
            "displayName": "ft³",
            "unitPattern-count-one": "{0} ft³",
            "unitPattern-count-other": "{0} ft³"
          },
          "volume-cubic-inch": {
            "displayName": "in³",
            "unitPattern-count-one": "{0} in³",
            "unitPattern-count-other": "{0} in³"
          },
          "volume-cubic-kilometer": {
            "displayName": "km³",
            "unitPattern-count-one": "{0} km³",
            "unitPattern-count-other": "{0} km³"
          },
          "volume-cubic-meter": {
            "displayName": "m³",
            "unitPattern-count-one": "{0} m³",
            "unitPattern-count-other": "{0} m³"
          },
          "volume-cubic-mile": {
            "displayName": "mi³",
            "unitPattern-count-one": "{0} mi³",
            "unitPattern-count-other": "{0} mi³"
          },
          "volume-cubic-yard": {
            "displayName": "yd³",
            "unitPattern-count-one": "{0} yd³",
            "unitPattern-count-other": "{0} yd³"
          },
          "volume-cup": {
            "displayName": "Cups",
            "unitPattern-count-one": "{0} Cup",
            "unitPattern-count-other": "{0} Cups"
          },
          "volume-deciliter": {
            "displayName": "dl",
            "unitPattern-count-one": "{0} dl",
            "unitPattern-count-other": "{0} dl"
          },
          "volume-fluid-ounce": {
            "displayName": "fl oz",
            "unitPattern-count-one": "{0} fl oz",
            "unitPattern-count-other": "{0} fl oz"
          },
          "volume-gallon": {
            "displayName": "gal",
            "unitPattern-count-one": "{0} gal",
            "unitPattern-count-other": "{0} gal"
          },
          "volume-hectoliter": {
            "displayName": "hl",
            "unitPattern-count-one": "{0} hl",
            "unitPattern-count-other": "{0} hl"
          },
          "volume-liter": {
            "displayName": "Liter",
            "unitPattern-count-one": "{0} l",
            "unitPattern-count-other": "{0} l"
          },
          "volume-megaliter": {
            "displayName": "Ml",
            "unitPattern-count-one": "{0} Ml",
            "unitPattern-count-other": "{0} Ml"
          },
          "volume-milliliter": {
            "displayName": "ml",
            "unitPattern-count-one": "{0} ml",
            "unitPattern-count-other": "{0} ml"
          },
          "volume-pint": {
            "displayName": "Pints",
            "unitPattern-count-one": "{0} pt",
            "unitPattern-count-other": "{0} pt"
          },
          "volume-quart": {
            "displayName": "Quart",
            "unitPattern-count-one": "{0} qt",
            "unitPattern-count-other": "{0} qt"
          },
          "volume-tablespoon": {
            "displayName": "EL",
            "unitPattern-count-one": "{0} EL",
            "unitPattern-count-other": "{0} EL"
          },
          "volume-teaspoon": {
            "displayName": "TL",
            "unitPattern-count-one": "{0} TL",
            "unitPattern-count-other": "{0} TL"
          }
        },
        "narrow": {
          "per": {
            "compoundUnitPattern": "{0}/{1}"
          },
          "acceleration-g-force": {
            "displayName": "g-Kraft",
            "unitPattern-count-one": "{0} G",
            "unitPattern-count-other": "{0} G"
          },
          "acceleration-meter-per-second-squared": {
            "displayName": "m/s²",
            "unitPattern-count-one": "{0} m/s²",
            "unitPattern-count-other": "{0} m/s²"
          },
          "angle-arc-minute": {
            "displayName": "Winkelminuten",
            "unitPattern-count-one": "{0}′",
            "unitPattern-count-other": "{0}′"
          },
          "angle-arc-second": {
            "displayName": "Winkelsekunden",
            "unitPattern-count-one": "{0}″",
            "unitPattern-count-other": "{0}″"
          },
          "angle-degree": {
            "displayName": "Grad",
            "unitPattern-count-one": "{0}°",
            "unitPattern-count-other": "{0}°"
          },
          "angle-radian": {
            "displayName": "rad",
            "unitPattern-count-one": "{0} rad",
            "unitPattern-count-other": "{0} rad"
          },
          "area-acre": {
            "displayName": "Acres",
            "unitPattern-count-one": "{0} ac",
            "unitPattern-count-other": "{0} ac"
          },
          "area-hectare": {
            "displayName": "Hektar",
            "unitPattern-count-one": "{0} ha",
            "unitPattern-count-other": "{0} ha"
          },
          "area-square-centimeter": {
            "displayName": "cm²",
            "unitPattern-count-one": "{0} cm²",
            "unitPattern-count-other": "{0} cm²"
          },
          "area-square-foot": {
            "displayName": "ft²",
            "unitPattern-count-one": "{0} ft²",
            "unitPattern-count-other": "{0} ft²"
          },
          "area-square-inch": {
            "displayName": "in²",
            "unitPattern-count-one": "{0} in²",
            "unitPattern-count-other": "{0} in²"
          },
          "area-square-kilometer": {
            "displayName": "km²",
            "unitPattern-count-one": "{0} km²",
            "unitPattern-count-other": "{0} km²"
          },
          "area-square-meter": {
            "displayName": "m²",
            "unitPattern-count-one": "{0} m²",
            "unitPattern-count-other": "{0} m²"
          },
          "area-square-mile": {
            "displayName": "mi²",
            "unitPattern-count-one": "{0} mi²",
            "unitPattern-count-other": "{0} mi²"
          },
          "area-square-yard": {
            "displayName": "yd²",
            "unitPattern-count-one": "{0} yd²",
            "unitPattern-count-other": "{0} yd²"
          },
          "consumption-liter-per-kilometer": {
            "displayName": "l/km",
            "unitPattern-count-one": "{0} l/km",
            "unitPattern-count-other": "{0} l/km"
          },
          "consumption-mile-per-gallon": {
            "displayName": "mpg",
            "unitPattern-count-one": "{0} mpg",
            "unitPattern-count-other": "{0} mpg"
          },
          "digital-bit": {
            "displayName": "Bit",
            "unitPattern-count-one": "{0} Bit",
            "unitPattern-count-other": "{0} Bits"
          },
          "digital-byte": {
            "displayName": "Byte",
            "unitPattern-count-one": "{0} Byte",
            "unitPattern-count-other": "{0} Bytes"
          },
          "digital-gigabit": {
            "displayName": "Gigabit",
            "unitPattern-count-one": "{0} Gb",
            "unitPattern-count-other": "{0} Gb"
          },
          "digital-gigabyte": {
            "displayName": "Gigabyte",
            "unitPattern-count-one": "{0} GB",
            "unitPattern-count-other": "{0} GB"
          },
          "digital-kilobit": {
            "displayName": "kbit",
            "unitPattern-count-one": "{0} kb",
            "unitPattern-count-other": "{0} kb"
          },
          "digital-kilobyte": {
            "displayName": "kbyte",
            "unitPattern-count-one": "{0} kB",
            "unitPattern-count-other": "{0} kB"
          },
          "digital-megabit": {
            "displayName": "Mbit",
            "unitPattern-count-one": "{0} Mb",
            "unitPattern-count-other": "{0} Mb"
          },
          "digital-megabyte": {
            "displayName": "Mbyte",
            "unitPattern-count-one": "{0} MB",
            "unitPattern-count-other": "{0} MB"
          },
          "digital-terabit": {
            "displayName": "Tb",
            "unitPattern-count-one": "{0} Tb",
            "unitPattern-count-other": "{0} Tb"
          },
          "digital-terabyte": {
            "displayName": "TB",
            "unitPattern-count-one": "{0} TB",
            "unitPattern-count-other": "{0} TB"
          },
          "duration-day": {
            "displayName": "Tag",
            "unitPattern-count-one": "{0} T",
            "unitPattern-count-other": "{0} T"
          },
          "duration-hour": {
            "displayName": "Std.",
            "unitPattern-count-one": "{0} Std.",
            "unitPattern-count-other": "{0} Std.",
            "perUnitPattern": "{0}/h"
          },
          "duration-microsecond": {
            "displayName": "μs",
            "unitPattern-count-one": "{0} μs",
            "unitPattern-count-other": "{0} μs"
          },
          "duration-millisecond": {
            "displayName": "Millisekunden",
            "unitPattern-count-one": "{0} ms",
            "unitPattern-count-other": "{0} ms"
          },
          "duration-minute": {
            "displayName": "Min.",
            "unitPattern-count-one": "{0} Min.",
            "unitPattern-count-other": "{0} Min."
          },
          "duration-month": {
            "displayName": "Monat",
            "unitPattern-count-one": "{0} M",
            "unitPattern-count-other": "{0} M"
          },
          "duration-nanosecond": {
            "displayName": "Nanosekunden",
            "unitPattern-count-one": "{0} ns",
            "unitPattern-count-other": "{0} ns"
          },
          "duration-second": {
            "displayName": "Sek.",
            "unitPattern-count-one": "{0} s",
            "unitPattern-count-other": "{0} s",
            "perUnitPattern": "{0}/s"
          },
          "duration-week": {
            "displayName": "Woche",
            "unitPattern-count-one": "{0} W",
            "unitPattern-count-other": "{0} W"
          },
          "duration-year": {
            "displayName": "J",
            "unitPattern-count-one": "{0} J",
            "unitPattern-count-other": "{0} J"
          },
          "electric-ampere": {
            "displayName": "Ampere",
            "unitPattern-count-one": "{0} A",
            "unitPattern-count-other": "{0} A"
          },
          "electric-milliampere": {
            "displayName": "mA",
            "unitPattern-count-one": "{0} mA",
            "unitPattern-count-other": "{0} mA"
          },
          "electric-ohm": {
            "displayName": "Ohm",
            "unitPattern-count-one": "{0} Ω",
            "unitPattern-count-other": "{0} Ω"
          },
          "electric-volt": {
            "displayName": "Volt",
            "unitPattern-count-one": "{0} V",
            "unitPattern-count-other": "{0} V"
          },
          "energy-calorie": {
            "displayName": "cal",
            "unitPattern-count-one": "{0} cal",
            "unitPattern-count-other": "{0} cal"
          },
          "energy-foodcalorie": {
            "displayName": "kcal",
            "unitPattern-count-one": "{0} kcal",
            "unitPattern-count-other": "{0} kcal"
          },
          "energy-joule": {
            "displayName": "Joule",
            "unitPattern-count-one": "{0} J",
            "unitPattern-count-other": "{0} J"
          },
          "energy-kilocalorie": {
            "displayName": "kcal",
            "unitPattern-count-one": "{0} kcal",
            "unitPattern-count-other": "{0} kcal"
          },
          "energy-kilojoule": {
            "displayName": "Kilojoule",
            "unitPattern-count-one": "{0} kJ",
            "unitPattern-count-other": "{0} kJ"
          },
          "energy-kilowatt-hour": {
            "displayName": "kWh",
            "unitPattern-count-one": "{0} kWh",
            "unitPattern-count-other": "{0} kWh"
          },
          "frequency-gigahertz": {
            "displayName": "GHz",
            "unitPattern-count-one": "{0} GHz",
            "unitPattern-count-other": "{0} GHz"
          },
          "frequency-hertz": {
            "displayName": "Hz",
            "unitPattern-count-one": "{0} Hz",
            "unitPattern-count-other": "{0} Hz"
          },
          "frequency-kilohertz": {
            "displayName": "kHz",
            "unitPattern-count-one": "{0} kHz",
            "unitPattern-count-other": "{0} kHz"
          },
          "frequency-megahertz": {
            "displayName": "MHz",
            "unitPattern-count-one": "{0} MHz",
            "unitPattern-count-other": "{0} MHz"
          },
          "length-astronomical-unit": {
            "displayName": "AE",
            "unitPattern-count-one": "{0} AE",
            "unitPattern-count-other": "{0} AE"
          },
          "length-centimeter": {
            "displayName": "cm",
            "unitPattern-count-one": "{0} cm",
            "unitPattern-count-other": "{0} cm"
          },
          "length-decimeter": {
            "displayName": "dm",
            "unitPattern-count-one": "{0} dm",
            "unitPattern-count-other": "{0} dm"
          },
          "length-fathom": {
            "displayName": "Faden",
            "unitPattern-count-one": "{0} fm",
            "unitPattern-count-other": "{0} fm"
          },
          "length-foot": {
            "displayName": "Fuß",
            "unitPattern-count-one": "{0} ft",
            "unitPattern-count-other": "{0} ft"
          },
          "length-furlong": {
            "displayName": "Furlong",
            "unitPattern-count-one": "{0} fur",
            "unitPattern-count-other": "{0} fur"
          },
          "length-inch": {
            "displayName": "Zoll",
            "unitPattern-count-one": "{0} in",
            "unitPattern-count-other": "{0} in"
          },
          "length-kilometer": {
            "displayName": "km",
            "unitPattern-count-one": "{0} km",
            "unitPattern-count-other": "{0} km"
          },
          "length-light-year": {
            "displayName": "Lichtjahre",
            "unitPattern-count-one": "{0} ly",
            "unitPattern-count-other": "{0} ly"
          },
          "length-meter": {
            "displayName": "Meter",
            "unitPattern-count-one": "{0} m",
            "unitPattern-count-other": "{0} m"
          },
          "length-micrometer": {
            "displayName": "µm",
            "unitPattern-count-one": "{0} µm",
            "unitPattern-count-other": "{0} µm"
          },
          "length-mile": {
            "displayName": "Meilen",
            "unitPattern-count-one": "{0} mi",
            "unitPattern-count-other": "{0} mi"
          },
          "length-millimeter": {
            "displayName": "mm",
            "unitPattern-count-one": "{0} mm",
            "unitPattern-count-other": "{0} mm"
          },
          "length-nanometer": {
            "displayName": "nm",
            "unitPattern-count-one": "{0} nm",
            "unitPattern-count-other": "{0} nm"
          },
          "length-nautical-mile": {
            "displayName": "sm",
            "unitPattern-count-one": "{0} sm",
            "unitPattern-count-other": "{0} sm"
          },
          "length-parsec": {
            "displayName": "Parsec",
            "unitPattern-count-one": "{0} pc",
            "unitPattern-count-other": "{0} pc"
          },
          "length-picometer": {
            "displayName": "Pikometer",
            "unitPattern-count-one": "{0} pm",
            "unitPattern-count-other": "{0} pm"
          },
          "length-yard": {
            "displayName": "Yards",
            "unitPattern-count-one": "{0} yd",
            "unitPattern-count-other": "{0} yd"
          },
          "light-lux": {
            "displayName": "Lux",
            "unitPattern-count-one": "{0} lx",
            "unitPattern-count-other": "{0} lx"
          },
          "mass-carat": {
            "displayName": "Karat",
            "unitPattern-count-one": "{0} Kt",
            "unitPattern-count-other": "{0} Kt"
          },
          "mass-gram": {
            "displayName": "Gramm",
            "unitPattern-count-one": "{0} g",
            "unitPattern-count-other": "{0} g"
          },
          "mass-kilogram": {
            "displayName": "kg",
            "unitPattern-count-one": "{0} kg",
            "unitPattern-count-other": "{0} kg"
          },
          "mass-metric-ton": {
            "displayName": "t",
            "unitPattern-count-one": "{0} t",
            "unitPattern-count-other": "{0} t"
          },
          "mass-microgram": {
            "displayName": "µg",
            "unitPattern-count-one": "{0} µg",
            "unitPattern-count-other": "{0} µg"
          },
          "mass-milligram": {
            "displayName": "mg",
            "unitPattern-count-one": "{0} mg",
            "unitPattern-count-other": "{0} mg"
          },
          "mass-ounce": {
            "displayName": "Unzen",
            "unitPattern-count-one": "{0} oz",
            "unitPattern-count-other": "{0} oz"
          },
          "mass-ounce-troy": {
            "displayName": "oz.tr.",
            "unitPattern-count-one": "{0} oz.tr.",
            "unitPattern-count-other": "{0} oz.tr."
          },
          "mass-pound": {
            "displayName": "Pfund",
            "unitPattern-count-one": "{0} lb",
            "unitPattern-count-other": "{0} lb"
          },
          "mass-stone": {
            "displayName": "Stones",
            "unitPattern-count-one": "{0} st",
            "unitPattern-count-other": "{0} st"
          },
          "mass-ton": {
            "displayName": "Tons",
            "unitPattern-count-one": "{0} tn",
            "unitPattern-count-other": "{0} tn"
          },
          "power-gigawatt": {
            "displayName": "GW",
            "unitPattern-count-one": "{0} GW",
            "unitPattern-count-other": "{0} GW"
          },
          "power-horsepower": {
            "displayName": "Pferdestärken",
            "unitPattern-count-one": "{0} PS",
            "unitPattern-count-other": "{0} PS"
          },
          "power-kilowatt": {
            "displayName": "Kilowatt",
            "unitPattern-count-one": "{0} kW",
            "unitPattern-count-other": "{0} kW"
          },
          "power-megawatt": {
            "displayName": "MW",
            "unitPattern-count-one": "{0} MW",
            "unitPattern-count-other": "{0} MW"
          },
          "power-milliwatt": {
            "displayName": "mW",
            "unitPattern-count-one": "{0} mW",
            "unitPattern-count-other": "{0} mW"
          },
          "power-watt": {
            "displayName": "Watt",
            "unitPattern-count-one": "{0} W",
            "unitPattern-count-other": "{0} W"
          },
          "pressure-hectopascal": {
            "displayName": "hPa",
            "unitPattern-count-one": "{0} hPa",
            "unitPattern-count-other": "{0} hPa"
          },
          "pressure-inch-hg": {
            "displayName": "inHg",
            "unitPattern-count-one": "{0} inHg",
            "unitPattern-count-other": "{0} inHg"
          },
          "pressure-millibar": {
            "displayName": "Millibar",
            "unitPattern-count-one": "{0} mbar",
            "unitPattern-count-other": "{0} mbar"
          },
          "pressure-millimeter-of-mercury": {
            "displayName": "mm Hg",
            "unitPattern-count-one": "{0} mm Hg",
            "unitPattern-count-other": "{0} mm Hg"
          },
          "pressure-pound-per-square-inch": {
            "displayName": "psi",
            "unitPattern-count-one": "{0} psi",
            "unitPattern-count-other": "{0} psi"
          },
          "proportion-karat": {
            "displayName": "Karat",
            "unitPattern-count-one": "{0} kt",
            "unitPattern-count-other": "{0} kt"
          },
          "speed-kilometer-per-hour": {
            "displayName": "km/h",
            "unitPattern-count-one": "{0} km/h",
            "unitPattern-count-other": "{0} km/h"
          },
          "speed-meter-per-second": {
            "displayName": "m/s",
            "unitPattern-count-one": "{0} m/s",
            "unitPattern-count-other": "{0} m/s"
          },
          "speed-mile-per-hour": {
            "displayName": "mi/h",
            "unitPattern-count-one": "{0} mi/h",
            "unitPattern-count-other": "{0} mi/h"
          },
          "temperature-celsius": {
            "displayName": "°C",
            "unitPattern-count-one": "{0}°",
            "unitPattern-count-other": "{0}°"
          },
          "temperature-fahrenheit": {
            "displayName": "°F",
            "unitPattern-count-one": "{0}°F",
            "unitPattern-count-other": "{0}°F"
          },
          "temperature-kelvin": {
            "displayName": "K",
            "unitPattern-count-one": "{0} K",
            "unitPattern-count-other": "{0} K"
          },
          "volume-acre-foot": {
            "displayName": "Acre-Feet",
            "unitPattern-count-one": "{0} ac ft",
            "unitPattern-count-other": "{0} ac ft"
          },
          "volume-bushel": {
            "displayName": "Bushel",
            "unitPattern-count-one": "{0} bu",
            "unitPattern-count-other": "{0} bu"
          },
          "volume-centiliter": {
            "displayName": "cl",
            "unitPattern-count-one": "{0} cl",
            "unitPattern-count-other": "{0} cl"
          },
          "volume-cubic-centimeter": {
            "displayName": "cm³",
            "unitPattern-count-one": "{0} cm³",
            "unitPattern-count-other": "{0} cm³"
          },
          "volume-cubic-foot": {
            "displayName": "ft³",
            "unitPattern-count-one": "{0} ft³",
            "unitPattern-count-other": "{0} ft³"
          },
          "volume-cubic-inch": {
            "displayName": "in³",
            "unitPattern-count-one": "{0} in³",
            "unitPattern-count-other": "{0} in³"
          },
          "volume-cubic-kilometer": {
            "displayName": "km³",
            "unitPattern-count-one": "{0} km³",
            "unitPattern-count-other": "{0} km³"
          },
          "volume-cubic-meter": {
            "displayName": "m³",
            "unitPattern-count-one": "{0} m³",
            "unitPattern-count-other": "{0} m³"
          },
          "volume-cubic-mile": {
            "displayName": "mi³",
            "unitPattern-count-one": "{0} mi³",
            "unitPattern-count-other": "{0} mi³"
          },
          "volume-cubic-yard": {
            "displayName": "yd³",
            "unitPattern-count-one": "{0} yd³",
            "unitPattern-count-other": "{0} yd³"
          },
          "volume-cup": {
            "displayName": "Cups",
            "unitPattern-count-one": "{0} Cup",
            "unitPattern-count-other": "{0} Cups"
          },
          "volume-deciliter": {
            "displayName": "dl",
            "unitPattern-count-one": "{0} dl",
            "unitPattern-count-other": "{0} dl"
          },
          "volume-fluid-ounce": {
            "displayName": "fl oz",
            "unitPattern-count-one": "{0} fl oz",
            "unitPattern-count-other": "{0} fl oz"
          },
          "volume-gallon": {
            "displayName": "gal",
            "unitPattern-count-one": "{0} gal",
            "unitPattern-count-other": "{0} gal"
          },
          "volume-hectoliter": {
            "displayName": "hl",
            "unitPattern-count-one": "{0} hl",
            "unitPattern-count-other": "{0} hl"
          },
          "volume-liter": {
            "displayName": "Liter",
            "unitPattern-count-one": "{0} l",
            "unitPattern-count-other": "{0} l"
          },
          "volume-megaliter": {
            "displayName": "Ml",
            "unitPattern-count-one": "{0} Ml",
            "unitPattern-count-other": "{0} Ml"
          },
          "volume-milliliter": {
            "displayName": "ml",
            "unitPattern-count-one": "{0} ml",
            "unitPattern-count-other": "{0} ml"
          },
          "volume-pint": {
            "displayName": "Pints",
            "unitPattern-count-one": "{0} pt",
            "unitPattern-count-other": "{0} pt"
          },
          "volume-quart": {
            "displayName": "Quart",
            "unitPattern-count-one": "{0} qt",
            "unitPattern-count-other": "{0} qt"
          },
          "volume-tablespoon": {
            "displayName": "EL",
            "unitPattern-count-one": "{0} EL",
            "unitPattern-count-other": "{0} EL"
          },
          "volume-teaspoon": {
            "displayName": "TL",
            "unitPattern-count-one": "{0} TL",
            "unitPattern-count-other": "{0} TL"
          }
        },
        "durationUnit-type-hm": {
          "durationUnitPattern": "h:mm"
        },
        "durationUnit-type-hms": {
          "durationUnitPattern": "h:mm:ss"
        },
        "durationUnit-type-ms": {
          "durationUnitPattern": "m:ss"
        }
      }
    }
  }
}
