{
  "main": {
    "el": {
      "identity": {
        "version": {
          "_cldrVersion": "26",
          "_number": "$Revision: 10809 $"
        },
        "generation": {
          "_date": "$Date: 2014-08-14 15:10:07 -0500 (Thu, 14 Aug 2014) $"
        },
        "language": "el"
      },
      "dates": {
        "calendars": {
          "buddhist": {
            "months": {
              "format": {
                "abbreviated": {
                  "1": "Ιαν",
                  "2": "Φεβ",
                  "3": "Μαρ",
                  "4": "Απρ",
                  "5": "Μαΐ",
                  "6": "Ιουν",
                  "7": "Ιουλ",
                  "8": "Αυγ",
                  "9": "Σεπ",
                  "10": "Οκτ",
                  "11": "Νοε",
                  "12": "Δεκ"
                },
                "narrow": {
                  "1": "Ι",
                  "2": "Φ",
                  "3": "Μ",
                  "4": "Α",
                  "5": "Μ",
                  "6": "Ι",
                  "7": "Ι",
                  "8": "Α",
                  "9": "Σ",
                  "10": "Ο",
                  "11": "Ν",
                  "12": "Δ"
                },
                "wide": {
                  "1": "Ιανουαρίου",
                  "2": "Φεβρουαρίου",
                  "3": "Μαρτίου",
                  "4": "Απριλίου",
                  "5": "Μαΐου",
                  "6": "Ιουνίου",
                  "7": "Ιουλίου",
                  "8": "Αυγούστου",
                  "9": "Σεπτεμβρίου",
                  "10": "Οκτωβρίου",
                  "11": "Νοεμβρίου",
                  "12": "Δεκεμβρίου"
                }
              },
              "stand-alone": {
                "abbreviated": {
                  "1": "Ιαν",
                  "2": "Φεβ",
                  "3": "Μάρ",
                  "4": "Απρ",
                  "5": "Μάι",
                  "6": "Ιούν",
                  "7": "Ιούλ",
                  "8": "Αύγ",
                  "9": "Σεπ",
                  "10": "Οκτ",
                  "11": "Νοέ",
                  "12": "Δεκ"
                },
                "narrow": {
                  "1": "Ι",
                  "2": "Φ",
                  "3": "Μ",
                  "4": "Α",
                  "5": "Μ",
                  "6": "Ι",
                  "7": "Ι",
                  "8": "Α",
                  "9": "Σ",
                  "10": "Ο",
                  "11": "Ν",
                  "12": "Δ"
                },
                "wide": {
                  "1": "Ιανουάριος",
                  "2": "Φεβρουάριος",
                  "3": "Μάρτιος",
                  "4": "Απρίλιος",
                  "5": "Μάιος",
                  "6": "Ιούνιος",
                  "7": "Ιούλιος",
                  "8": "Αύγουστος",
                  "9": "Σεπτέμβριος",
                  "10": "Οκτώβριος",
                  "11": "Νοέμβριος",
                  "12": "Δεκέμβριος"
                }
              }
            },
            "days": {
              "format": {
                "abbreviated": {
                  "sun": "Κυρ",
                  "mon": "Δευ",
                  "tue": "Τρί",
                  "wed": "Τετ",
                  "thu": "Πέμ",
                  "fri": "Παρ",
                  "sat": "Σάβ"
                },
                "narrow": {
                  "sun": "Κ",
                  "mon": "Δ",
                  "tue": "Τ",
                  "wed": "Τ",
                  "thu": "Π",
                  "fri": "Π",
                  "sat": "Σ"
                },
                "short": {
                  "sun": "Κυ",
                  "mon": "Δε",
                  "tue": "Τρ",
                  "wed": "Τε",
                  "thu": "Πέ",
                  "fri": "Πα",
                  "sat": "Σά"
                },
                "wide": {
                  "sun": "Κυριακή",
                  "mon": "Δευτέρα",
                  "tue": "Τρίτη",
                  "wed": "Τετάρτη",
                  "thu": "Πέμπτη",
                  "fri": "Παρασκευή",
                  "sat": "Σάββατο"
                }
              },
              "stand-alone": {
                "abbreviated": {
                  "sun": "Κυρ",
                  "mon": "Δευ",
                  "tue": "Τρί",
                  "wed": "Τετ",
                  "thu": "Πέμ",
                  "fri": "Παρ",
                  "sat": "Σάβ"
                },
                "narrow": {
                  "sun": "Κ",
                  "mon": "Δ",
                  "tue": "Τ",
                  "wed": "Τ",
                  "thu": "Π",
                  "fri": "Π",
                  "sat": "Σ"
                },
                "short": {
                  "sun": "Κυ",
                  "mon": "Δε",
                  "tue": "Τρ",
                  "wed": "Τε",
                  "thu": "Πέ",
                  "fri": "Πα",
                  "sat": "Σά"
                },
                "wide": {
                  "sun": "Κυριακή",
                  "mon": "Δευτέρα",
                  "tue": "Τρίτη",
                  "wed": "Τετάρτη",
                  "thu": "Πέμπτη",
                  "fri": "Παρασκευή",
                  "sat": "Σάββατο"
                }
              }
            },
            "quarters": {
              "format": {
                "abbreviated": {
                  "1": "Τ1",
                  "2": "Τ2",
                  "3": "Τ3",
                  "4": "Τ4"
                },
                "narrow": {
                  "1": "1",
                  "2": "2",
                  "3": "3",
                  "4": "4"
                },
                "wide": {
                  "1": "1ο τρίμηνο",
                  "2": "2ο τρίμηνο",
                  "3": "3ο τρίμηνο",
                  "4": "4ο τρίμηνο"
                }
              },
              "stand-alone": {
                "abbreviated": {
                  "1": "Τ1",
                  "2": "Τ2",
                  "3": "Τ3",
                  "4": "Τ4"
                },
                "narrow": {
                  "1": "1",
                  "2": "2",
                  "3": "3",
                  "4": "4"
                },
                "wide": {
                  "1": "1ο τρίμηνο",
                  "2": "2ο τρίμηνο",
                  "3": "3ο τρίμηνο",
                  "4": "4ο τρίμηνο"
                }
              }
            },
            "dayPeriods": {
              "format": {
                "abbreviated": {
                  "am": "π.μ.",
                  "noon": "μεσημέρι",
                  "pm": "μ.μ."
                },
                "narrow": {
                  "am": "π",
                  "noon": "μεσ.",
                  "pm": "μ"
                },
                "wide": {
                  "am": "π.μ.",
                  "noon": "μεσημέρι",
                  "pm": "μ.μ."
                }
              },
              "stand-alone": {
                "abbreviated": {
                  "am": "π.μ.",
                  "noon": "μεσημέρι",
                  "pm": "μ.μ."
                },
                "narrow": {
                  "am": "π",
                  "noon": "μεσ.",
                  "pm": "μ"
                },
                "wide": {
                  "am": "π.μ.",
                  "noon": "μεσημέρι",
                  "pm": "μ.μ."
                }
              }
            },
            "eras": {
              "eraNames": {
                "0": "BE"
              },
              "eraAbbr": {
                "0": "BE"
              },
              "eraNarrow": {
                "0": "BE"
              }
            },
            "dateFormats": {
              "full": "EEEE, d MMMM y G",
              "long": "d MMMM y G",
              "medium": "d MMM y G",
              "short": "d/M/y GGGGG"
            },
            "timeFormats": {
              "full": "h:mm:ss a zzzz",
              "long": "h:mm:ss a z",
              "medium": "h:mm:ss a",
              "short": "h:mm a"
            },
            "dateTimeFormats": {
              "full": "{1} - {0}",
              "long": "{1} - {0}",
              "medium": "{1} - {0}",
              "short": "{1} - {0}",
              "availableFormats": {
                "E": "ccc",
                "EHm": "E HH:mm",
                "EHms": "E HH:mm:ss",
                "Ed": "E d",
                "Ehm": "E h:mm a",
                "Ehms": "E h:mm:ss a",
                "Gy": "y G",
                "GyMMM": "MMM y G",
                "GyMMMEd": "E, d MMM y G",
                "GyMMMd": "d MMM y G",
                "H": "HH",
                "HHmm": "HH:mm",
                "HHmmss": "HH:mm:ss",
                "Hm": "HH:mm",
                "Hms": "HH:mm:ss",
                "M": "L",
                "MEd": "E, d/M",
                "MMM": "LLL",
                "MMMEd": "E, d MMM",
                "MMMMEd": "E, d MMMM",
                "MMMMd": "d MMMM",
                "MMMd": "d MMM",
                "Md": "d/M",
                "d": "d",
                "h": "h a",
                "hm": "h:mm a",
                "hms": "h:mm:ss a",
                "ms": "mm:ss",
                "y": "y G",
                "yyyy": "y G",
                "yyyyM": "M/y GGGGG",
                "yyyyMEd": "E, d/M/y GGGGG",
                "yyyyMMM": "MMM y G",
                "yyyyMMMEd": "E, d MMM y G",
                "yyyyMMMM": "MMMM y G",
                "yyyyMMMd": "d MMM y G",
                "yyyyMd": "d/M/y GGGGG",
                "yyyyQQQ": "G y QQQ",
                "yyyyQQQQ": "G y QQQQ"
              },
              "appendItems": {
                "Day": "{0} ({2}: {1})",
                "Day-Of-Week": "{0} {1}",
                "Era": "{1} {0}",
                "Hour": "{0} ({2}: {1})",
                "Minute": "{0} ({2}: {1})",
                "Month": "{0} ({2}: {1})",
                "Quarter": "{0} ({2}: {1})",
                "Second": "{0} ({2}: {1})",
                "Timezone": "{0} {1}",
                "Week": "{0} ({2}: {1})",
                "Year": "{1} {0}"
              },
              "intervalFormats": {
                "intervalFormatFallback": "{0} - {1}",
                "H": {
                  "H": "HH–HH"
                },
                "Hm": {
                  "H": "HH:mm–HH:mm",
                  "m": "HH:mm–HH:mm"
                },
                "Hmv": {
                  "H": "HH:mm–HH:mm v",
                  "m": "HH:mm–HH:mm v"
                },
                "Hv": {
                  "H": "HH–HH v"
                },
                "M": {
                  "M": "M-M"
                },
                "MEd": {
                  "M": "E, dd/MM - E, dd/MM",
                  "d": "E, dd/MM - E, dd/MM"
                },
                "MMM": {
                  "M": "MMM-MMM"
                },
                "MMMEd": {
                  "M": "E, dd MMM - E, dd MMM",
                  "d": "E, dd - E, dd MMM"
                },
                "MMMd": {
                  "M": "dd MMM - dd MMM",
                  "d": "dd-dd MMM"
                },
                "Md": {
                  "M": "dd/MM - dd/MM",
                  "d": "dd/MM - dd/MM"
                },
                "d": {
                  "d": "d-d"
                },
                "h": {
                  "a": "h a - h a",
                  "h": "h-h a"
                },
                "hm": {
                  "a": "h:mm a - h:mm a",
                  "h": "h:mm-h:mm a",
                  "m": "h:mm-h:mm a"
                },
                "hmv": {
                  "a": "h:mm a - h:mm a v",
                  "h": "h:mm-h:mm a v",
                  "m": "h:mm-h:mm a v"
                },
                "hv": {
                  "a": "h a - h a v",
                  "h": "h-h a v"
                },
                "y": {
                  "y": "y-y G"
                },
                "yM": {
                  "M": "MM/y - MM/y GGGGG",
                  "y": "MM/y - MM/y GGGGG"
                },
                "yMEd": {
                  "M": "E, dd/MM/y - E, dd/MM/y GGGGG",
                  "d": "E, dd/MM/y - E, dd/MM/y GGGGG",
                  "y": "E, dd/MM/y - E, dd/MM/y GGGGG"
                },
                "yMMM": {
                  "M": "MMM-MMM y G",
                  "y": "MMM y - MMM y G"
                },
                "yMMMEd": {
                  "M": "E, dd MMM - E, dd MMM y G",
                  "d": "E, dd - E, dd MMM y G",
                  "y": "E, dd MMM y - E, dd MMM y G"
                },
                "yMMMM": {
                  "M": "MMMM-MMMM y G",
                  "y": "MMMM y - MMMM y G"
                },
                "yMMMd": {
                  "M": "dd MMM - dd MMM y G",
                  "d": "dd-dd MMM y G",
                  "y": "dd MMM y - dd MMM y G"
                },
                "yMd": {
                  "M": "dd/MM/y - dd/MM/y GGGGG",
                  "d": "dd/MM/y - dd/MM/y GGGGG",
                  "y": "dd/MM/y - dd/MM/y GGGGG"
                }
              }
            }
          }
        }
      }
    }
  }
}
