{
  "main": {
    "el": {
      "identity": {
        "version": {
          "_cldrVersion": "26",
          "_number": "$Revision: 10809 $"
        },
        "generation": {
          "_date": "$Date: 2014-08-14 15:10:07 -0500 (Thu, 14 Aug 2014) $"
        },
        "language": "el"
      },
      "localeDisplayNames": {
        "localeDisplayPattern": {
          "localePattern": "{0} ({1})",
          "localeSeparator": "{0}, {1}",
          "localeKeyTypePattern": "{0}: {1}"
        },
        "keys": {
          "calendar": "Ημερολόγιο",
          "colAlternate": "Ταξινόμηση με αγνόηση συμβόλων",
          "colBackwards": "Ταξινόμηση με αντεστραμμένο τονισμό",
          "colCaseFirst": "Ταξινόμηση με κεφαλαίους/πεζούς χαρακτήρες",
          "colCaseLevel": "Ταξινόμηση με διάκριση χαρακτήρων",
          "colHiraganaQuaternary": "Ταξινόμηση Κάνα",
          "colNormalization": "Κανονικοποιημένη ταξινόμηση",
          "colNumeric": "Αριθμητική ταξινόμηση",
          "colStrength": "Ισχύς ταξινόμησης",
          "collation": "Σειρά ταξινόμησης",
          "currency": "Νόμισμα",
          "numbers": "Αριθμοί",
          "timezone": "Ζώνη ώρας",
          "va": "Παραλλαγή τοπικών ρυθμίσεων",
          "variableTop": "Ταξινόμηση ως σύμβολα",
          "x": "Προσωπική χρήση"
        },
        "types": {
          "numbers": {
            "arab": "Αραβικό-Ινδικά ψηφία",
            "arabext": "Εκτεταμένα αραβικό-ινδικά ψηφία",
            "armn": "Αρμενικά αριθμητικά",
            "armnlow": "Πεζά αρμενικά αριθμητικά",
            "bali": "bali",
            "beng": "Βεγγαλικά ψηφία"
          },
          "collation": {
            "big5han": "Σειρά ταξινόμησης Παραδοσιακών Κινεζικών - Big5"
          },
          "numbers": {
            "brah": "brah"
          },
          "calendar": {
            "buddhist": "Βουδιστικό ημερολόγιο"
          },
          "numbers": {
            "cakm": "cakm",
            "cham": "cham"
          },
          "calendar": {
            "chinese": "Κινεζικό ημερολόγιο",
            "coptic": "Κοπτικό ημερολόγιο",
            "dangi": "Κορεατικό ημερολόγιο ντάνγκι"
          },
          "numbers": {
            "deva": "Ψηφία Ντεβαναγκάρι"
          },
          "collation": {
            "dictionary": "Σειρά ταξινόμησης ημερολογίου",
            "ducet": "Προεπιλεγμένη σειρά ταξινόμησης Unicode",
            "eor": "eor"
          },
          "numbers": {
            "ethi": "Αιθιοπικά αριθμητικά"
          },
          "calendar": {
            "ethiopic": "Αιθιοπικό ημερολόγιο",
            "ethiopic-amete-alem": "Αιθιοπικό ημερολόγιο Άμετ Άλεμ"
          },
          "numbers": {
            "finance": "Οικονομικά αριθμητικά",
            "fullwide": "Ψηφία πλήρους πλάτους"
          },
          "collation": {
            "gb2312han": "Σειρά ταξινόμησης Απλουστευμένων Κινεζικών - GB2312"
          },
          "numbers": {
            "geor": "Γεωργιανά αριθμητικά"
          },
          "calendar": {
            "gregorian": "Γρηγοριανό ημερολόγιο"
          },
          "numbers": {
            "grek": "Ελληνικά αριθμητικά",
            "greklow": "Ελληνικά αριθμητικά με πεζά γράμματα",
            "gujr": "Γκουτζαρατικά ψηφία",
            "guru": "Ψηφία Γκουρμούκι",
            "hanidec": "Κινεζικά δεκαδικά αριθμητικά",
            "hans": "Απλοποιημένα κινεζικά αριθμητικά",
            "hansfin": "Απλοποιημένα κινεζικά οικονομικά αριθμητικά",
            "hant": "Παραδοσιακά κινεζικά αριθμητικά",
            "hantfin": "Παραδοσιακά κινεζικά οικονομικά αριθμητικά",
            "hebr": "Εβραϊκά αριθμητικά"
          },
          "calendar": {
            "hebrew": "Εβραϊκό ημερολόγιο"
          },
          "colStrength": {
            "identical": "Ταξινόμηση όλων"
          },
          "calendar": {
            "indian": "Ινδικό εθνικό ημερολόγιο",
            "islamic": "Ισλαμικό ημερολόγιο",
            "islamic-civil": "Ισλαμικό αστικό ημερολόγιο",
            "islamic-rgsa": "Ισλαμικό ημερολόγιο (Σαουδική Αραβία, θέαση)",
            "islamic-tbla": "Ισλαμικό ημερολόγιο (δομημένο, αστρονομική εποχή)",
            "islamic-umalqura": "islamic-umalqura",
            "iso8601": "Ημερολόγιο ISO-8601",
            "japanese": "Ιαπωνικό ημερολόγιο"
          },
          "numbers": {
            "java": "java",
            "jpan": "Ιαπωνικά αριθμητικά",
            "jpanfin": "Ιαπωνικά οικονομικά αριθμητικά",
            "kali": "kali",
            "khmr": "Ψηφία Χμερ",
            "knda": "Ψηφία Κανάντα",
            "lana": "lana",
            "lanatham": "lanatham",
            "laoo": "Λαοϊκά ψηφία",
            "latn": "Ψηφία της Δύσης",
            "lepc": "lepc",
            "limb": "limb"
          },
          "colCaseFirst": {
            "lower": "Ταξινόμηση πεζών χαρακτήρων πρώτα"
          },
          "numbers": {
            "mlym": "Μαλαγιαλαμικά ψηφία",
            "mong": "Μογγολικά ψηφία",
            "mtei": "mtei",
            "mymr": "Ψηφία Μιανμάρ",
            "mymrshan": "mymrshan",
            "native": "Εγγενή ψηφία",
            "nkoo": "nkoo"
          },
          "colBackwards": {
            "no": "Κανονικά ταξινόμηση τόνων"
          },
          "colCaseFirst": {
            "no": "Κανονική ταξινόμηση χαρακτήρων"
          },
          "colCaseLevel": {
            "no": "Ταξινόμηση με διάκριση χαρακτήρων"
          },
          "colHiraganaQuaternary": {
            "no": "Ξεχωριστή ταξινόμηση χαρακτήρων Κάνα"
          },
          "colNormalization": {
            "no": "Ταξινόμηση χωρίς κανονικοποίηση"
          },
          "colNumeric": {
            "no": "Μεμονωμένη ταξινόμηση ψηφίων"
          },
          "colAlternate": {
            "non-ignorable": "Ταξινόμηση συμβόλων"
          },
          "numbers": {
            "olck": "olck",
            "orya": "Οριγικά ψηφία",
            "osma": "osma"
          },
          "calendar": {
            "persian": "Περσικό ημερολόγιο"
          },
          "collation": {
            "phonebook": "Σειρά ταξινόμησης τηλεφωνικού καταλόγου",
            "phonetic": "Φωνητική σειρά ταξινόμησης",
            "pinyin": "Σειρά ταξινόμησης Πινγίν"
          },
          "colStrength": {
            "primary": "Ταξινόμηση μόνο βασικών χαρακτήρων",
            "quaternary": "Ταξινόμηση τόνων/χαρακτήρων διάκρισης/χαρακτήρων μεγάλου μεγέθους/χαρακτήρων Κάνα"
          },
          "collation": {
            "reformed": "Ανασχηματισμένη σειρά ταξινόμησης"
          },
          "calendar": {
            "roc": "Ημερολόγιο της Δημοκρατίας της Κίνας"
          },
          "numbers": {
            "roman": "Λατινικοί αριθμοί",
            "romanlow": "Πεζοί λατινικοί αριθμοί",
            "saur": "saur"
          },
          "collation": {
            "search": "Αναζήτηση γενικού τύπου",
            "searchjl": "Αναζήτηση κατά αρχικό σύμφωνο Χανγκούλ"
          },
          "colStrength": {
            "secondary": "Ταξινόμηση τόνων"
          },
          "colAlternate": {
            "shifted": "Ταξινόμηση με αγνόηση συμβόλων"
          },
          "numbers": {
            "shrd": "shrd",
            "sora": "sora"
          },
          "collation": {
            "standard": "Τυπική σειρά ταξινόμησης",
            "stroke": "Σειρά ταξινόμησης κινήσεων"
          },
          "numbers": {
            "sund": "sund",
            "takr": "takr",
            "talu": "talu",
            "taml": "Ταμιλικά αριθμητικά",
            "tamldec": "Ταμιλικά ψηφία",
            "telu": "Τελουγκουϊκά ψηφία"
          },
          "colStrength": {
            "tertiary": "Ταξινόμηση τόνων/χαρακτήρων διάκρισης/χαρακτήρων μεγάλου μεγέθους"
          },
          "numbers": {
            "thai": "Ταϊλανδικά ψηφία",
            "tibt": "Θιβετανικά ψηφία"
          },
          "collation": {
            "traditional": "Παραδοσιακή σειρά ταξινόμησης"
          },
          "numbers": {
            "traditional": "Παραδοσιακά αριθμητικά"
          },
          "collation": {
            "unihan": "Σειρά ταξινόμησης ριζικής αρίθμησης"
          },
          "colCaseFirst": {
            "upper": "Ταξινόμηση κεφαλαίων χαρακτήρων πρώτα"
          },
          "numbers": {
            "vaii": "Ψηφία Βάι"
          },
          "colBackwards": {
            "yes": "Αντίστροφη ταξινόμηση τόνων"
          },
          "colCaseLevel": {
            "yes": "Ταξινόμηση χαρακτήρων διάκρισης"
          },
          "colHiraganaQuaternary": {
            "yes": "Διαφορετική ταξινόμηση Κάνα"
          },
          "colNormalization": {
            "yes": "Κανονικοποιημένη ταξινόμηση Unicode"
          },
          "colNumeric": {
            "yes": "Αριθμητική ταξινόμηση ψηφίων"
          },
          "collation": {
            "zhuyin": "zhuyin"
          }
        },
        "codePatterns": {
          "language": "Γλώσσα: {0}",
          "script": "Σύστημα γραφής: {0}",
          "territory": "Περιοχή: {0}"
        }
      }
    }
  }
}
