{
  "main": {
    "en-AU": {
      "identity": {
        "version": {
          "_cldrVersion": "26",
          "_number": "$Revision: 10819 $"
        },
        "generation": {
          "_date": "$Date: 2014-08-14 22:53:08 -0500 (Thu, 14 Aug 2014) $"
        },
        "language": "en",
        "territory": "001"
      },
      "dates": {
        "calendars": {
          "buddhist": {
            "months": {
              "format": {
                "abbreviated": {
                  "1": "Jan",
                  "2": "Feb",
                  "3": "Mar",
                  "4": "Apr",
                  "5": "May",
                  "6": "Jun",
                  "7": "Jul",
                  "8": "Aug",
                  "9": "Sep",
                  "10": "Oct",
                  "11": "Nov",
                  "12": "Dec"
                },
                "narrow": {
                  "1": "J",
                  "2": "F",
                  "3": "M",
                  "4": "A",
                  "5": "M",
                  "6": "J",
                  "7": "J",
                  "8": "A",
                  "9": "S",
                  "10": "O",
                  "11": "N",
                  "12": "D"
                },
                "wide": {
                  "1": "January",
                  "2": "February",
                  "3": "March",
                  "4": "April",
                  "5": "May",
                  "6": "June",
                  "7": "July",
                  "8": "August",
                  "9": "September",
                  "10": "October",
                  "11": "November",
                  "12": "December"
                }
              },
              "stand-alone": {
                "abbreviated": {
                  "1": "Jan",
                  "2": "Feb",
                  "3": "Mar",
                  "4": "Apr",
                  "5": "May",
                  "6": "Jun",
                  "7": "Jul",
                  "8": "Aug",
                  "9": "Sep",
                  "10": "Oct",
                  "11": "Nov",
                  "12": "Dec"
                },
                "narrow": {
                  "1": "J",
                  "2": "F",
                  "3": "M",
                  "4": "A",
                  "5": "M",
                  "6": "J",
                  "7": "J",
                  "8": "A",
                  "9": "S",
                  "10": "O",
                  "11": "N",
                  "12": "D"
                },
                "wide": {
                  "1": "January",
                  "2": "February",
                  "3": "March",
                  "4": "April",
                  "5": "May",
                  "6": "June",
                  "7": "July",
                  "8": "August",
                  "9": "September",
                  "10": "October",
                  "11": "November",
                  "12": "December"
                }
              }
            },
            "days": {
              "format": {
                "abbreviated": {
                  "sun": "Sun",
                  "mon": "Mon",
                  "tue": "Tue",
                  "wed": "Wed",
                  "thu": "Thu",
                  "fri": "Fri",
                  "sat": "Sat"
                },
                "narrow": {
                  "sun": "S",
                  "mon": "M",
                  "tue": "T",
                  "wed": "W",
                  "thu": "T",
                  "fri": "F",
                  "sat": "S"
                },
                "short": {
                  "sun": "Su",
                  "mon": "Mo",
                  "tue": "Tu",
                  "wed": "We",
                  "thu": "Th",
                  "fri": "Fr",
                  "sat": "Sa"
                },
                "wide": {
                  "sun": "Sunday",
                  "mon": "Monday",
                  "tue": "Tuesday",
                  "wed": "Wednesday",
                  "thu": "Thursday",
                  "fri": "Friday",
                  "sat": "Saturday"
                }
              },
              "stand-alone": {
                "abbreviated": {
                  "sun": "Sun",
                  "mon": "Mon",
                  "tue": "Tue",
                  "wed": "Wed",
                  "thu": "Thu",
                  "fri": "Fri",
                  "sat": "Sat"
                },
                "narrow": {
                  "sun": "S",
                  "mon": "M",
                  "tue": "T",
                  "wed": "W",
                  "thu": "T",
                  "fri": "F",
                  "sat": "S"
                },
                "short": {
                  "sun": "Su",
                  "mon": "Mo",
                  "tue": "Tu",
                  "wed": "We",
                  "thu": "Th",
                  "fri": "Fr",
                  "sat": "Sa"
                },
                "wide": {
                  "sun": "Sunday",
                  "mon": "Monday",
                  "tue": "Tuesday",
                  "wed": "Wednesday",
                  "thu": "Thursday",
                  "fri": "Friday",
                  "sat": "Saturday"
                }
              }
            },
            "quarters": {
              "format": {
                "abbreviated": {
                  "1": "Q1",
                  "2": "Q2",
                  "3": "Q3",
                  "4": "Q4"
                },
                "narrow": {
                  "1": "1",
                  "2": "2",
                  "3": "3",
                  "4": "4"
                },
                "wide": {
                  "1": "1st quarter",
                  "2": "2nd quarter",
                  "3": "3rd quarter",
                  "4": "4th quarter"
                }
              },
              "stand-alone": {
                "abbreviated": {
                  "1": "Q1",
                  "2": "Q2",
                  "3": "Q3",
                  "4": "Q4"
                },
                "narrow": {
                  "1": "1",
                  "2": "2",
                  "3": "3",
                  "4": "4"
                },
                "wide": {
                  "1": "1st quarter",
                  "2": "2nd quarter",
                  "3": "3rd quarter",
                  "4": "4th quarter"
                }
              }
            },
            "dayPeriods": {
              "format": {
                "abbreviated": {
                  "am": "am",
                  "am-alt-variant": "am",
                  "noon": "noon",
                  "pm": "pm",
                  "pm-alt-variant": "pm"
                },
                "narrow": {
                  "am": "a",
                  "noon": "n",
                  "pm": "p"
                },
                "wide": {
                  "am": "am",
                  "am-alt-variant": "am",
                  "noon": "noon",
                  "pm": "pm",
                  "pm-alt-variant": "pm"
                }
              },
              "stand-alone": {
                "abbreviated": {
                  "am": "am",
                  "am-alt-variant": "am",
                  "noon": "noon",
                  "pm": "pm",
                  "pm-alt-variant": "pm"
                },
                "narrow": {
                  "am": "a",
                  "noon": "n",
                  "pm": "p"
                },
                "wide": {
                  "am": "am",
                  "am-alt-variant": "am",
                  "noon": "noon",
                  "pm": "pm",
                  "pm-alt-variant": "pm"
                }
              }
            },
            "eras": {
              "eraNames": {
                "0": "BE"
              },
              "eraAbbr": {
                "0": "BE"
              },
              "eraNarrow": {
                "0": "BE"
              }
            },
            "dateFormats": {
              "full": "EEEE, d MMMM y G",
              "long": "d MMMM y G",
              "medium": "d MMM y G",
              "short": "d/MM/y GGGGG"
            },
            "timeFormats": {
              "full": "h:mm:ss a zzzz",
              "long": "h:mm:ss a z",
              "medium": "h:mm:ss a",
              "short": "h:mm a"
            },
            "dateTimeFormats": {
              "full": "{1} {0}",
              "long": "{1} {0}",
              "medium": "{1} {0}",
              "short": "{1} {0}",
              "availableFormats": {
                "E": "ccc",
                "EHm": "E HH:mm",
                "EHms": "E HH:mm:ss",
                "Ed": "E d",
                "Ehm": "E h:mm a",
                "Ehms": "E h:mm:ss a",
                "Gy": "y G",
                "GyMMM": "MMM y G",
                "GyMMMEd": "E, d MMM y G",
                "GyMMMd": "d MMM y G",
                "H": "HH",
                "Hm": "HH:mm",
                "Hms": "HH:mm:ss",
                "M": "LL",
                "MEd": "E dd/MM",
                "MMM": "LLL",
                "MMMEd": "E d MMM",
                "MMMMd": "d MMMM",
                "MMMd": "d MMM",
                "Md": "dd/MM",
                "d": "d",
                "h": "h a",
                "hm": "h:mm a",
                "hms": "h:mm:ss a",
                "ms": "mm:ss",
                "y": "y G",
                "yMEd": "E, d/M/y",
                "yMd": "d/M/y",
                "yyyy": "y G",
                "yyyyM": "MM/y GGGGG",
                "yyyyMEd": "E, dd/MM/y GGGGG",
                "yyyyMMM": "MMM y G",
                "yyyyMMMEd": "E, d MMM y G",
                "yyyyMMMM": "MMMM y G",
                "yyyyMMMd": "d MMM y G",
                "yyyyMd": "dd/MM/y GGGGG",
                "yyyyQQQ": "QQQ y G",
                "yyyyQQQQ": "QQQQ y G"
              },
              "appendItems": {
                "Day": "{0} ({2}: {1})",
                "Day-Of-Week": "{0} {1}",
                "Era": "{0} {1}",
                "Hour": "{0} ({2}: {1})",
                "Minute": "{0} ({2}: {1})",
                "Month": "{0} ({2}: {1})",
                "Quarter": "{0} ({2}: {1})",
                "Second": "{0} ({2}: {1})",
                "Timezone": "{0} {1}",
                "Week": "{0} ({2}: {1})",
                "Year": "{0} {1}"
              },
              "intervalFormats": {
                "intervalFormatFallback": "{0} - {1}",
                "H": {
                  "H": "HH–HH"
                },
                "Hm": {
                  "H": "HH:mm–HH:mm",
                  "m": "HH:mm–HH:mm"
                },
                "Hmv": {
                  "H": "HH:mm–HH:mm v",
                  "m": "HH:mm–HH:mm v"
                },
                "Hv": {
                  "H": "HH–HH v"
                },
                "M": {
                  "M": "M-M"
                },
                "MEd": {
                  "M": "E, d/MM - E, d/MM",
                  "d": "E, d/MM - E, d/MM"
                },
                "MMM": {
                  "M": "MMM-MMM"
                },
                "MMMEd": {
                  "M": "E, d MMM - E, d MMM",
                  "d": "E, d - E, d MMM"
                },
                "MMMd": {
                  "M": "d MMM - d MMM",
                  "d": "d-d MMM"
                },
                "Md": {
                  "M": "dd/MM – dd/MM",
                  "d": "dd/MM – dd/MM"
                },
                "d": {
                  "d": "d-d"
                },
                "h": {
                  "a": "h a - h a",
                  "h": "h-h a"
                },
                "hm": {
                  "a": "h:mm a - h:mm a",
                  "h": "h:mm-h:mm a",
                  "m": "h:mm-h:mm a"
                },
                "hmv": {
                  "a": "h:mm a - h:mm a v",
                  "h": "h:mm-h:mm a v",
                  "m": "h:mm-h:mm a v"
                },
                "hv": {
                  "a": "h a - h a v",
                  "h": "h-h a v"
                },
                "y": {
                  "y": "y-y G"
                },
                "yM": {
                  "M": "MM/y - MM/y",
                  "y": "MM/y - MM/y"
                },
                "yMEd": {
                  "M": "E, d/MM/y - E, d/MM/y",
                  "d": "E, d/MM/y - E, d/MM/y",
                  "y": "E, d/MM/y - E, d/MM/y"
                },
                "yMMM": {
                  "M": "MMM-MMM y",
                  "y": "MMM y - MMM y"
                },
                "yMMMEd": {
                  "M": "E, d MMM - E, d MMM y",
                  "d": "E, d - E, d MMM y",
                  "y": "E, d MMM y - E, d MMM y"
                },
                "yMMMM": {
                  "M": "MMMM–MMMM y G",
                  "y": "MMMM y – MMMM y G"
                },
                "yMMMd": {
                  "M": "d MMM - d MMM y",
                  "d": "d-d MMM y",
                  "y": "d MMM y - d MMM y"
                },
                "yMd": {
                  "M": "d/MM/y - d/MM/y",
                  "d": "d/MM/y - d/MM/y",
                  "y": "d/MM/y - d/MM/y"
                }
              }
            }
          }
        }
      }
    }
  }
}
