{
  "main": {
    "da": {
      "identity": {
        "version": {
          "_cldrVersion": "26",
          "_number": "$Revision: 10962 $"
        },
        "generation": {
          "_date": "$Date: 2014-09-10 11:30:49 -0500 (Wed, 10 Sep 2014) $"
        },
        "language": "da"
      },
      "dates": {
        "calendars": {
          "islamic-civil": {
            "months": {
              "format": {
                "abbreviated": {
                  "1": "Muh.",
                  "2": "Saf.",
                  "3": "Rab. I",
                  "4": "Rab. II",
                  "5": "Jum. I",
                  "6": "Jum. II",
                  "7": "Raj.",
                  "8": "Sha.",
                  "9": "Ram.",
                  "10": "Shaw.",
                  "11": "Dhuʻl-Q.",
                  "12": "Dhuʻl-H."
                },
                "narrow": {
                  "1": "1",
                  "2": "2",
                  "3": "3",
                  "4": "4",
                  "5": "5",
                  "6": "6",
                  "7": "7",
                  "8": "8",
                  "9": "9",
                  "10": "10",
                  "11": "11",
                  "12": "12"
                },
                "wide": {
                  "1": "Muharram",
                  "2": "Safar",
                  "3": "Rabiʻ I",
                  "4": "Rabiʻ II",
                  "5": "Jumada I",
                  "6": "Jumada II",
                  "7": "Rajab",
                  "8": "Shaʻban",
                  "9": "Ramadan",
                  "10": "Shawwal",
                  "11": "Dhuʻl-Qiʻdah",
                  "12": "Dhuʻl-Hijjah"
                }
              },
              "stand-alone": {
                "abbreviated": {
                  "1": "Muh.",
                  "2": "Saf.",
                  "3": "Rab. I",
                  "4": "Rab. II",
                  "5": "Jum. I",
                  "6": "Jum. II",
                  "7": "Raj.",
                  "8": "Sha.",
                  "9": "Ram.",
                  "10": "Shaw.",
                  "11": "Dhuʻl-Q.",
                  "12": "Dhuʻl-H."
                },
                "narrow": {
                  "1": "1",
                  "2": "2",
                  "3": "3",
                  "4": "4",
                  "5": "5",
                  "6": "6",
                  "7": "7",
                  "8": "8",
                  "9": "9",
                  "10": "10",
                  "11": "11",
                  "12": "12"
                },
                "wide": {
                  "1": "Muharram",
                  "2": "Safar",
                  "3": "Rabiʻ I",
                  "4": "Rabiʻ II",
                  "5": "Jumada I",
                  "6": "Jumada II",
                  "7": "Rajab",
                  "8": "Shaʻban",
                  "9": "Ramadan",
                  "10": "Shawwal",
                  "11": "Dhuʻl-Qiʻdah",
                  "12": "Dhuʻl-Hijjah"
                }
              }
            },
            "days": {
              "format": {
                "abbreviated": {
                  "sun": "søn.",
                  "mon": "man.",
                  "tue": "tir.",
                  "wed": "ons.",
                  "thu": "tor.",
                  "fri": "fre.",
                  "sat": "lør."
                },
                "narrow": {
                  "sun": "S",
                  "mon": "M",
                  "tue": "T",
                  "wed": "O",
                  "thu": "T",
                  "fri": "F",
                  "sat": "L"
                },
                "short": {
                  "sun": "sø",
                  "mon": "ma",
                  "tue": "ti",
                  "wed": "on",
                  "thu": "to",
                  "fri": "fr",
                  "sat": "lø"
                },
                "wide": {
                  "sun": "søndag",
                  "mon": "mandag",
                  "tue": "tirsdag",
                  "wed": "onsdag",
                  "thu": "torsdag",
                  "fri": "fredag",
                  "sat": "lørdag"
                }
              },
              "stand-alone": {
                "abbreviated": {
                  "sun": "søn",
                  "mon": "man",
                  "tue": "tir",
                  "wed": "ons",
                  "thu": "tor",
                  "fri": "fre",
                  "sat": "lør"
                },
                "narrow": {
                  "sun": "S",
                  "mon": "M",
                  "tue": "T",
                  "wed": "O",
                  "thu": "T",
                  "fri": "F",
                  "sat": "L"
                },
                "short": {
                  "sun": "sø",
                  "mon": "ma",
                  "tue": "ti",
                  "wed": "on",
                  "thu": "to",
                  "fri": "fr",
                  "sat": "lø"
                },
                "wide": {
                  "sun": "søndag",
                  "mon": "mandag",
                  "tue": "tirsdag",
                  "wed": "onsdag",
                  "thu": "torsdag",
                  "fri": "fredag",
                  "sat": "lørdag"
                }
              }
            },
            "quarters": {
              "format": {
                "abbreviated": {
                  "1": "1. kvt.",
                  "2": "2. kvt.",
                  "3": "3. kvt.",
                  "4": "4. kvt."
                },
                "narrow": {
                  "1": "1",
                  "2": "2",
                  "3": "3",
                  "4": "4"
                },
                "wide": {
                  "1": "1. kvartal",
                  "2": "2. kvartal",
                  "3": "3. kvartal",
                  "4": "4. kvartal"
                }
              },
              "stand-alone": {
                "abbreviated": {
                  "1": "1. kvt.",
                  "2": "2. kvt.",
                  "3": "3. kvt.",
                  "4": "4. kvt."
                },
                "narrow": {
                  "1": "1",
                  "2": "2",
                  "3": "3",
                  "4": "4"
                },
                "wide": {
                  "1": "1. kvartal",
                  "2": "2. kvartal",
                  "3": "3. kvartal",
                  "4": "4. kvartal"
                }
              }
            },
            "dayPeriods": {
              "format": {
                "abbreviated": {
                  "am": "AM",
                  "noon": "middag",
                  "pm": "PM"
                },
                "narrow": {
                  "am": "a",
                  "noon": "middag",
                  "pm": "p"
                },
                "wide": {
                  "am": "AM",
                  "noon": "middag",
                  "pm": "PM"
                }
              },
              "stand-alone": {
                "abbreviated": {
                  "am": "AM",
                  "noon": "middag",
                  "pm": "PM"
                },
                "narrow": {
                  "am": "a",
                  "noon": "middag",
                  "pm": "p"
                },
                "wide": {
                  "am": "formiddag",
                  "noon": "middag",
                  "pm": "eftermiddag"
                }
              }
            },
            "eras": {
              "eraNames": {
                "0": "AH"
              },
              "eraAbbr": {
                "0": "AH"
              },
              "eraNarrow": {
                "0": "AH"
              }
            },
            "dateFormats": {
              "full": "EEEE d. MMMM y G",
              "long": "d. MMMM y G",
              "medium": "d. MMM y G",
              "short": "d/M/y"
            },
            "timeFormats": {
              "full": "HH.mm.ss zzzz",
              "long": "HH.mm.ss z",
              "medium": "HH.mm.ss",
              "short": "HH.mm"
            },
            "dateTimeFormats": {
              "full": "{1} {0}",
              "long": "{1} {0}",
              "medium": "{1} {0}",
              "short": "{1} {0}",
              "availableFormats": {
                "E": "ccc",
                "EHm": "E HH:mm",
                "EHms": "E HH:mm:ss",
                "Ed": "E 'd'. d.",
                "Ehm": "E h:mm a",
                "Ehms": "E h:mm:ss a",
                "Gy": "y G",
                "GyMMM": "MMM y G",
                "GyMMMEd": "E d. MMM y G",
                "GyMMMd": "d. MMM y G",
                "H": "HH",
                "Hm": "HH.mm",
                "Hms": "HH.mm.ss",
                "M": "M",
                "MEd": "E d/M",
                "MMM": "MMM",
                "MMMEd": "E d. MMM",
                "MMMMEd": "E d. MMMM",
                "MMMd": "d. MMM",
                "Md": "d/M",
                "d": "d.",
                "h": "h a",
                "hm": "h.mm a",
                "hms": "h.mm.ss a",
                "ms": "mm.ss",
                "y": "y G",
                "yyyy": "y G",
                "yyyyM": "M/y G",
                "yyyyMEd": "E d/M/y G",
                "yyyyMMM": "MMM y G",
                "yyyyMMMEd": "E d. MMM y G",
                "yyyyMMMd": "d. MMM y G",
                "yyyyMd": "d/M/y G",
                "yyyyQQQ": "QQQ y G",
                "yyyyQQQQ": "QQQQ y G"
              },
              "appendItems": {
                "Day": "{0} ({2}: {1})",
                "Day-Of-Week": "{0} {1}",
                "Era": "{1} {0}",
                "Hour": "{0} ({2}: {1})",
                "Minute": "{0} ({2}: {1})",
                "Month": "{0} ({2}: {1})",
                "Quarter": "{0} ({2}: {1})",
                "Second": "{0} ({2}: {1})",
                "Timezone": "{0} {1}",
                "Week": "{0} ({2}: {1})",
                "Year": "{1} {0}"
              },
              "intervalFormats": {
                "intervalFormatFallback": "{0} – {1}",
                "H": {
                  "H": "HH–HH"
                },
                "Hm": {
                  "H": "HH.mm–HH.mm",
                  "m": "HH.mm–HH.mm"
                },
                "Hmv": {
                  "H": "HH.mm–HH.mm v",
                  "m": "HH.mm–HH.mm v"
                },
                "Hv": {
                  "H": "HH–HH v"
                },
                "M": {
                  "M": "M–M"
                },
                "MEd": {
                  "M": "E dd/MM – E dd/MM",
                  "d": "E dd/MM – E dd/MM"
                },
                "MMM": {
                  "M": "MMM–MMM"
                },
                "MMMEd": {
                  "M": "E 'den' d. MMM – E 'den' d. MMM",
                  "d": "E 'den' d. – E 'den' d. MMM"
                },
                "MMMd": {
                  "M": "d. MMM – d. MMM",
                  "d": "d.–d. MMM"
                },
                "Md": {
                  "M": "dd/MM – dd/MM",
                  "d": "dd/MM – dd/MM"
                },
                "d": {
                  "d": "d.–d."
                },
                "h": {
                  "a": "h a – h a",
                  "h": "h–h a"
                },
                "hm": {
                  "a": "h.mm a – h.mm a",
                  "h": "h.mm–h.mm a",
                  "m": "h.mm–h.mm a"
                },
                "hmv": {
                  "a": "h.mm a – h.mm a v",
                  "h": "h.mm–h.mm a v",
                  "m": "h.mm–h.mm a v"
                },
                "hv": {
                  "a": "h a – h a v",
                  "h": "h–h a v"
                },
                "y": {
                  "y": "y–y G"
                },
                "yM": {
                  "M": "MM/y – MM/y G",
                  "y": "MM/y – MM/y G"
                },
                "yMEd": {
                  "M": "E dd/MM/y – E dd/MM/y G",
                  "d": "E dd/MM/y – E dd/MM/y G",
                  "y": "E dd/MM/y – E dd/MM/y G"
                },
                "yMMM": {
                  "M": "MMM–MMM y G",
                  "y": "MMM y – MMM y G"
                },
                "yMMMEd": {
                  "M": "E 'den' d. MMM – E 'den' d. MMM y G",
                  "d": "E 'den' d. – E 'den' d. MMM y G",
                  "y": "E 'den' d. MMM y – E 'den' d. MMM y G"
                },
                "yMMMM": {
                  "M": "MMMM–MMMM y G",
                  "y": "MMMM y – MMMM y G"
                },
                "yMMMd": {
                  "M": "d. MMM – d. MMM y G",
                  "d": "d.–d. MMM y G",
                  "y": "d. MMM y – d. MMM y G"
                },
                "yMd": {
                  "M": "dd/MM/y – dd/MM/y G",
                  "d": "dd/MM/y – dd/MM/y G",
                  "y": "dd/MM/y – dd/MM/y G"
                }
              }
            }
          }
        }
      }
    }
  }
}
