{
  "main": {
    "da": {
      "identity": {
        "version": {
          "_cldrVersion": "26",
          "_number": "$Revision: 10962 $"
        },
        "generation": {
          "_date": "$Date: 2014-09-10 11:30:49 -0500 (Wed, 10 Sep 2014) $"
        },
        "language": "da"
      },
      "characters": {
        "exemplarCharacters": "[a b c d e f g h i j k l m n o p q r s t u v w x y z æ ø å]",
        "auxiliary": "[á à â ç é è ê ë í î ï ñ ó ô ú ù û ÿ ü ä ǿ ö œ]",
        "punctuation": "[\\- ‐ – , ; \\: ! ? . … ' ‘ ’ \" “ ” ( ) \\[ \\] § @ * / \\& # † ′ ″]",
        "index": "[A B C D E F G H I J K L M N O P Q R S T U V W X Y Z Æ Ø Å]",
        "ellipsis": {
          "initial": "…{0}",
          "medial": "{0}…{1}",
          "final": "{0}…",
          "word-initial": "… {0}",
          "word-medial": "{0} … {1}",
          "word-final": "{0} …"
        },
        "moreInformation": "?"
      }
    }
  }
}
