{
  "main": {
    "da": {
      "identity": {
        "version": {
          "_cldrVersion": "26",
          "_number": "$Revision: 10962 $"
        },
        "generation": {
          "_date": "$Date: 2014-09-10 11:30:49 -0500 (Wed, 10 Sep 2014) $"
        },
        "language": "da"
      },
      "listPatterns": {
        "listPattern-type-standard": {
          "start": "{0}, {1}",
          "middle": "{0}, {1}",
          "end": "{0} og {1}",
          "2": "{0} og {1}"
        },
        "listPattern-type-unit": {
          "start": "{0}, {1}",
          "middle": "{0}, {1}",
          "end": "{0} og {1}",
          "2": "{0} og {1}"
        },
        "listPattern-type-unit-narrow": {
          "start": "{0}, {1}",
          "middle": "{0}, {1}",
          "end": "{0} og {1}",
          "2": "{0} og {1}"
        },
        "listPattern-type-unit-short": {
          "start": "{0}, {1}",
          "middle": "{0}, {1}",
          "end": "{0} og {1}",
          "2": "{0} og {1}"
        }
      }
    }
  }
}
