{
  "main": {
    "en": {
      "identity": {
        "version": {
          "_cldrVersion": "26",
          "_number": "$Revision: 10887 $"
        },
        "generation": {
          "_date": "$Date: 2014-08-31 14:23:52 -0500 (Sun, 31 Aug 2014) $"
        },
        "language": "en"
      },
      "units": {
        "long": {
          "per": {
            "compoundUnitPattern": "{0} per {1}"
          },
          "acceleration-g-force": {
            "displayName": "g-force",
            "unitPattern-count-one": "{0} g-force",
            "unitPattern-count-other": "{0} g-force"
          },
          "acceleration-meter-per-second-squared": {
            "displayName": "meters per second squared",
            "unitPattern-count-one": "{0} meter per second squared",
            "unitPattern-count-other": "{0} meters per second squared"
          },
          "angle-arc-minute": {
            "displayName": "arcminutes",
            "unitPattern-count-one": "{0} arcminute",
            "unitPattern-count-other": "{0} arcminutes"
          },
          "angle-arc-second": {
            "displayName": "arcseconds",
            "unitPattern-count-one": "{0} arcsecond",
            "unitPattern-count-other": "{0} arcseconds"
          },
          "angle-degree": {
            "displayName": "degrees",
            "unitPattern-count-one": "{0} degree",
            "unitPattern-count-other": "{0} degrees"
          },
          "angle-radian": {
            "displayName": "radians",
            "unitPattern-count-one": "{0} radian",
            "unitPattern-count-other": "{0} radians"
          },
          "area-acre": {
            "displayName": "acres",
            "unitPattern-count-one": "{0} acre",
            "unitPattern-count-other": "{0} acres"
          },
          "area-hectare": {
            "displayName": "hectares",
            "unitPattern-count-one": "{0} hectare",
            "unitPattern-count-other": "{0} hectares"
          },
          "area-square-centimeter": {
            "displayName": "square centimeters",
            "unitPattern-count-one": "{0} square centimeter",
            "unitPattern-count-other": "{0} square centimeters"
          },
          "area-square-foot": {
            "displayName": "square feet",
            "unitPattern-count-one": "{0} square foot",
            "unitPattern-count-other": "{0} square feet"
          },
          "area-square-inch": {
            "displayName": "square inches",
            "unitPattern-count-one": "{0} square inch",
            "unitPattern-count-other": "{0} square inches"
          },
          "area-square-kilometer": {
            "displayName": "square kilometers",
            "unitPattern-count-one": "{0} square kilometer",
            "unitPattern-count-other": "{0} square kilometers"
          },
          "area-square-meter": {
            "displayName": "square meters",
            "unitPattern-count-one": "{0} square meter",
            "unitPattern-count-other": "{0} square meters"
          },
          "area-square-mile": {
            "displayName": "square miles",
            "unitPattern-count-one": "{0} square mile",
            "unitPattern-count-other": "{0} square miles"
          },
          "area-square-yard": {
            "displayName": "square yards",
            "unitPattern-count-one": "{0} square yard",
            "unitPattern-count-other": "{0} square yards"
          },
          "consumption-liter-per-kilometer": {
            "displayName": "liters per kilometer",
            "unitPattern-count-one": "{0} liter per kilometer",
            "unitPattern-count-other": "{0} liters per kilometer"
          },
          "consumption-mile-per-gallon": {
            "displayName": "miles per gallon",
            "unitPattern-count-one": "{0} mile per gallon",
            "unitPattern-count-other": "{0} miles per gallon"
          },
          "digital-bit": {
            "displayName": "bits",
            "unitPattern-count-one": "{0} bit",
            "unitPattern-count-other": "{0} bits"
          },
          "digital-byte": {
            "displayName": "bytes",
            "unitPattern-count-one": "{0} byte",
            "unitPattern-count-other": "{0} bytes"
          },
          "digital-gigabit": {
            "displayName": "gigabits",
            "unitPattern-count-one": "{0} gigabit",
            "unitPattern-count-other": "{0} gigabits"
          },
          "digital-gigabyte": {
            "displayName": "gigabytes",
            "unitPattern-count-one": "{0} gigabyte",
            "unitPattern-count-other": "{0} gigabytes"
          },
          "digital-kilobit": {
            "displayName": "kilobits",
            "unitPattern-count-one": "{0} kilobit",
            "unitPattern-count-other": "{0} kilobits"
          },
          "digital-kilobyte": {
            "displayName": "kilobytes",
            "unitPattern-count-one": "{0} kilobyte",
            "unitPattern-count-other": "{0} kilobytes"
          },
          "digital-megabit": {
            "displayName": "megabits",
            "unitPattern-count-one": "{0} megabit",
            "unitPattern-count-other": "{0} megabits"
          },
          "digital-megabyte": {
            "displayName": "megabytes",
            "unitPattern-count-one": "{0} megabyte",
            "unitPattern-count-other": "{0} megabytes"
          },
          "digital-terabit": {
            "displayName": "terabits",
            "unitPattern-count-one": "{0} terabit",
            "unitPattern-count-other": "{0} terabits"
          },
          "digital-terabyte": {
            "displayName": "terabytes",
            "unitPattern-count-one": "{0} terabyte",
            "unitPattern-count-other": "{0} terabytes"
          },
          "duration-day": {
            "displayName": "days",
            "unitPattern-count-one": "{0} day",
            "unitPattern-count-other": "{0} days"
          },
          "duration-hour": {
            "displayName": "hours",
            "unitPattern-count-one": "{0} hour",
            "unitPattern-count-other": "{0} hours",
            "perUnitPattern": "{0} per hour"
          },
          "duration-microsecond": {
            "displayName": "microseconds",
            "unitPattern-count-one": "{0} microsecond",
            "unitPattern-count-other": "{0} microseconds"
          },
          "duration-millisecond": {
            "displayName": "milliseconds",
            "unitPattern-count-one": "{0} millisecond",
            "unitPattern-count-other": "{0} milliseconds"
          },
          "duration-minute": {
            "displayName": "minutes",
            "unitPattern-count-one": "{0} minute",
            "unitPattern-count-other": "{0} minutes"
          },
          "duration-month": {
            "displayName": "months",
            "unitPattern-count-one": "{0} month",
            "unitPattern-count-other": "{0} months"
          },
          "duration-nanosecond": {
            "displayName": "nanoseconds",
            "unitPattern-count-one": "{0} nanosecond",
            "unitPattern-count-other": "{0} nanoseconds"
          },
          "duration-second": {
            "displayName": "seconds",
            "unitPattern-count-one": "{0} second",
            "unitPattern-count-other": "{0} seconds",
            "perUnitPattern": "{0} per second"
          },
          "duration-week": {
            "displayName": "weeks",
            "unitPattern-count-one": "{0} week",
            "unitPattern-count-other": "{0} weeks"
          },
          "duration-year": {
            "displayName": "years",
            "unitPattern-count-one": "{0} year",
            "unitPattern-count-other": "{0} years"
          },
          "electric-ampere": {
            "displayName": "amperes",
            "unitPattern-count-one": "{0} ampere",
            "unitPattern-count-other": "{0} amperes"
          },
          "electric-milliampere": {
            "displayName": "milliamperes",
            "unitPattern-count-one": "{0} milliampere",
            "unitPattern-count-other": "{0} milliamperes"
          },
          "electric-ohm": {
            "displayName": "ohms",
            "unitPattern-count-one": "{0} ohm",
            "unitPattern-count-other": "{0} ohms"
          },
          "electric-volt": {
            "displayName": "volts",
            "unitPattern-count-one": "{0} volt",
            "unitPattern-count-other": "{0} volts"
          },
          "energy-calorie": {
            "displayName": "calories",
            "unitPattern-count-one": "{0} calorie",
            "unitPattern-count-other": "{0} calories"
          },
          "energy-foodcalorie": {
            "displayName": "Calories",
            "unitPattern-count-one": "{0} Calorie",
            "unitPattern-count-other": "{0} Calories"
          },
          "energy-joule": {
            "displayName": "joules",
            "unitPattern-count-one": "{0} joule",
            "unitPattern-count-other": "{0} joules"
          },
          "energy-kilocalorie": {
            "displayName": "kilocalories",
            "unitPattern-count-one": "{0} kilocalorie",
            "unitPattern-count-other": "{0} kilocalories"
          },
          "energy-kilojoule": {
            "displayName": "kilojoules",
            "unitPattern-count-one": "{0} kilojoule",
            "unitPattern-count-other": "{0} kilojoules"
          },
          "energy-kilowatt-hour": {
            "displayName": "kilowatt-hours",
            "unitPattern-count-one": "{0} kilowatt hour",
            "unitPattern-count-other": "{0} kilowatt-hours"
          },
          "frequency-gigahertz": {
            "displayName": "gigahertz",
            "unitPattern-count-one": "{0} gigahertz",
            "unitPattern-count-other": "{0} gigahertz"
          },
          "frequency-hertz": {
            "displayName": "hertz",
            "unitPattern-count-one": "{0} hertz",
            "unitPattern-count-other": "{0} hertz"
          },
          "frequency-kilohertz": {
            "displayName": "kilohertz",
            "unitPattern-count-one": "{0} kilohertz",
            "unitPattern-count-other": "{0} kilohertz"
          },
          "frequency-megahertz": {
            "displayName": "megahertz",
            "unitPattern-count-one": "{0} megahertz",
            "unitPattern-count-other": "{0} megahertz"
          },
          "length-astronomical-unit": {
            "displayName": "astronomical units",
            "unitPattern-count-one": "{0} astronomical unit",
            "unitPattern-count-other": "{0} astronomical units"
          },
          "length-centimeter": {
            "displayName": "centimeters",
            "unitPattern-count-one": "{0} centimeter",
            "unitPattern-count-other": "{0} centimeters"
          },
          "length-decimeter": {
            "displayName": "decimeters",
            "unitPattern-count-one": "{0} decimeter",
            "unitPattern-count-other": "{0} decimeters"
          },
          "length-fathom": {
            "displayName": "fathoms",
            "unitPattern-count-one": "{0} fathom",
            "unitPattern-count-other": "{0} fathoms"
          },
          "length-foot": {
            "displayName": "feet",
            "unitPattern-count-one": "{0} foot",
            "unitPattern-count-other": "{0} feet"
          },
          "length-furlong": {
            "displayName": "furlongs",
            "unitPattern-count-one": "{0} furlong",
            "unitPattern-count-other": "{0} furlongs"
          },
          "length-inch": {
            "displayName": "inches",
            "unitPattern-count-one": "{0} inch",
            "unitPattern-count-other": "{0} inches"
          },
          "length-kilometer": {
            "displayName": "kilometers",
            "unitPattern-count-one": "{0} kilometer",
            "unitPattern-count-other": "{0} kilometers"
          },
          "length-light-year": {
            "displayName": "light years",
            "unitPattern-count-one": "{0} light year",
            "unitPattern-count-other": "{0} light years"
          },
          "length-meter": {
            "displayName": "meters",
            "unitPattern-count-one": "{0} meter",
            "unitPattern-count-other": "{0} meters"
          },
          "length-micrometer": {
            "displayName": "micrometers",
            "unitPattern-count-one": "{0} micrometer",
            "unitPattern-count-other": "{0} micrometers"
          },
          "length-mile": {
            "displayName": "miles",
            "unitPattern-count-one": "{0} mile",
            "unitPattern-count-other": "{0} miles"
          },
          "length-millimeter": {
            "displayName": "millimeters",
            "unitPattern-count-one": "{0} millimeter",
            "unitPattern-count-other": "{0} millimeters"
          },
          "length-nanometer": {
            "displayName": "nanometers",
            "unitPattern-count-one": "{0} nanometer",
            "unitPattern-count-other": "{0} nanometers"
          },
          "length-nautical-mile": {
            "displayName": "nautical miles",
            "unitPattern-count-one": "{0} nautical mile",
            "unitPattern-count-other": "{0} nautical miles"
          },
          "length-parsec": {
            "displayName": "parsecs",
            "unitPattern-count-one": "{0} parsec",
            "unitPattern-count-other": "{0} parsecs"
          },
          "length-picometer": {
            "displayName": "picometers",
            "unitPattern-count-one": "{0} picometer",
            "unitPattern-count-other": "{0} picometers"
          },
          "length-yard": {
            "displayName": "yards",
            "unitPattern-count-one": "{0} yard",
            "unitPattern-count-other": "{0} yards"
          },
          "light-lux": {
            "displayName": "lux",
            "unitPattern-count-one": "{0} lux",
            "unitPattern-count-other": "{0} lux"
          },
          "mass-carat": {
            "displayName": "carats",
            "unitPattern-count-one": "{0} carat",
            "unitPattern-count-other": "{0} carats"
          },
          "mass-gram": {
            "displayName": "grams",
            "unitPattern-count-one": "{0} gram",
            "unitPattern-count-other": "{0} grams"
          },
          "mass-kilogram": {
            "displayName": "kilograms",
            "unitPattern-count-one": "{0} kilogram",
            "unitPattern-count-other": "{0} kilograms"
          },
          "mass-metric-ton": {
            "displayName": "metric tons",
            "unitPattern-count-one": "{0} metric ton",
            "unitPattern-count-other": "{0} metric tons"
          },
          "mass-microgram": {
            "displayName": "micrograms",
            "unitPattern-count-one": "{0} microgram",
            "unitPattern-count-other": "{0} micrograms"
          },
          "mass-milligram": {
            "displayName": "milligrams",
            "unitPattern-count-one": "{0} milligram",
            "unitPattern-count-other": "{0} milligrams"
          },
          "mass-ounce": {
            "displayName": "ounces",
            "unitPattern-count-one": "{0} ounce",
            "unitPattern-count-other": "{0} ounces"
          },
          "mass-ounce-troy": {
            "displayName": "troy ounces",
            "unitPattern-count-one": "{0} troy ounce",
            "unitPattern-count-other": "{0} troy ounces"
          },
          "mass-pound": {
            "displayName": "pounds",
            "unitPattern-count-one": "{0} pound",
            "unitPattern-count-other": "{0} pounds"
          },
          "mass-stone": {
            "displayName": "stones",
            "unitPattern-count-one": "{0} stone",
            "unitPattern-count-other": "{0} stones"
          },
          "mass-ton": {
            "displayName": "tons",
            "unitPattern-count-one": "{0} ton",
            "unitPattern-count-other": "{0} tons"
          },
          "power-gigawatt": {
            "displayName": "gigawatts",
            "unitPattern-count-one": "{0} gigawatt",
            "unitPattern-count-other": "{0} gigawatts"
          },
          "power-horsepower": {
            "displayName": "horsepower",
            "unitPattern-count-one": "{0} horsepower",
            "unitPattern-count-other": "{0} horsepower"
          },
          "power-kilowatt": {
            "displayName": "kilowatts",
            "unitPattern-count-one": "{0} kilowatt",
            "unitPattern-count-other": "{0} kilowatts"
          },
          "power-megawatt": {
            "displayName": "megawatts",
            "unitPattern-count-one": "{0} megawatt",
            "unitPattern-count-other": "{0} megawatts"
          },
          "power-milliwatt": {
            "displayName": "milliwatts",
            "unitPattern-count-one": "{0} milliwatt",
            "unitPattern-count-other": "{0} milliwatts"
          },
          "power-watt": {
            "displayName": "watts",
            "unitPattern-count-one": "{0} watt",
            "unitPattern-count-other": "{0} watts"
          },
          "pressure-hectopascal": {
            "displayName": "hectopascals",
            "unitPattern-count-one": "{0} hectopascal",
            "unitPattern-count-other": "{0} hectopascals"
          },
          "pressure-inch-hg": {
            "displayName": "inches of mercury",
            "unitPattern-count-one": "{0} inch of mercury",
            "unitPattern-count-other": "{0} inches of mercury"
          },
          "pressure-millibar": {
            "displayName": "millibars",
            "unitPattern-count-one": "{0} millibar",
            "unitPattern-count-other": "{0} millibars"
          },
          "pressure-millimeter-of-mercury": {
            "displayName": "millimeters of mercury",
            "unitPattern-count-one": "{0} millimeter of mercury",
            "unitPattern-count-other": "{0} millimeters of mercury"
          },
          "pressure-pound-per-square-inch": {
            "displayName": "pounds per square inch",
            "unitPattern-count-one": "{0} pound per square inch",
            "unitPattern-count-other": "{0} pounds per square inch"
          },
          "proportion-karat": {
            "displayName": "karats",
            "unitPattern-count-one": "{0} karat",
            "unitPattern-count-other": "{0} karats"
          },
          "speed-kilometer-per-hour": {
            "displayName": "kilometers per hour",
            "unitPattern-count-one": "{0} kilometer per hour",
            "unitPattern-count-other": "{0} kilometers per hour"
          },
          "speed-meter-per-second": {
            "displayName": "meters per second",
            "unitPattern-count-one": "{0} meter per second",
            "unitPattern-count-other": "{0} meters per second"
          },
          "speed-mile-per-hour": {
            "displayName": "miles per hour",
            "unitPattern-count-one": "{0} mile per hour",
            "unitPattern-count-other": "{0} miles per hour"
          },
          "temperature-celsius": {
            "displayName": "degrees Celsius",
            "unitPattern-count-one": "{0} degree Celsius",
            "unitPattern-count-other": "{0} degrees Celsius"
          },
          "temperature-fahrenheit": {
            "displayName": "degrees Fahrenheit",
            "unitPattern-count-one": "{0} degree Fahrenheit",
            "unitPattern-count-other": "{0} degrees Fahrenheit"
          },
          "temperature-kelvin": {
            "displayName": "kelvins",
            "unitPattern-count-one": "{0} kelvin",
            "unitPattern-count-other": "{0} kelvins"
          },
          "volume-acre-foot": {
            "displayName": "acre-feet",
            "unitPattern-count-one": "{0} acre-foot",
            "unitPattern-count-other": "{0} acre-feet"
          },
          "volume-bushel": {
            "displayName": "bushels",
            "unitPattern-count-one": "{0} bushel",
            "unitPattern-count-other": "{0} bushels"
          },
          "volume-centiliter": {
            "displayName": "centiliters",
            "unitPattern-count-one": "{0} centiliter",
            "unitPattern-count-other": "{0} centiliters"
          },
          "volume-cubic-centimeter": {
            "displayName": "cubic centimeters",
            "unitPattern-count-one": "{0} cubic centimeter",
            "unitPattern-count-other": "{0} cubic centimeters"
          },
          "volume-cubic-foot": {
            "displayName": "cubic feet",
            "unitPattern-count-one": "{0} cubic foot",
            "unitPattern-count-other": "{0} cubic feet"
          },
          "volume-cubic-inch": {
            "displayName": "cubic inches",
            "unitPattern-count-one": "{0} cubic inch",
            "unitPattern-count-other": "{0} cubic inches"
          },
          "volume-cubic-kilometer": {
            "displayName": "cubic kilometers",
            "unitPattern-count-one": "{0} cubic kilometer",
            "unitPattern-count-other": "{0} cubic kilometers"
          },
          "volume-cubic-meter": {
            "displayName": "cubic meters",
            "unitPattern-count-one": "{0} cubic meter",
            "unitPattern-count-other": "{0} cubic meters"
          },
          "volume-cubic-mile": {
            "displayName": "cubic miles",
            "unitPattern-count-one": "{0} cubic mile",
            "unitPattern-count-other": "{0} cubic miles"
          },
          "volume-cubic-yard": {
            "displayName": "cubic yards",
            "unitPattern-count-one": "{0} cubic yard",
            "unitPattern-count-other": "{0} cubic yards"
          },
          "volume-cup": {
            "displayName": "cups",
            "unitPattern-count-one": "{0} cup",
            "unitPattern-count-other": "{0} cups"
          },
          "volume-deciliter": {
            "displayName": "deciliters",
            "unitPattern-count-one": "{0} deciliter",
            "unitPattern-count-other": "{0} deciliters"
          },
          "volume-fluid-ounce": {
            "displayName": "fluid ounces",
            "unitPattern-count-one": "{0} fluid ounce",
            "unitPattern-count-other": "{0} fluid ounces"
          },
          "volume-gallon": {
            "displayName": "gallons",
            "unitPattern-count-one": "{0} gallon",
            "unitPattern-count-other": "{0} gallons"
          },
          "volume-hectoliter": {
            "displayName": "hectoliters",
            "unitPattern-count-one": "{0} hectoliter",
            "unitPattern-count-other": "{0} hectoliters"
          },
          "volume-liter": {
            "displayName": "liters",
            "unitPattern-count-one": "{0} liter",
            "unitPattern-count-other": "{0} liters"
          },
          "volume-megaliter": {
            "displayName": "megaliters",
            "unitPattern-count-one": "{0} megaliter",
            "unitPattern-count-other": "{0} megaliters"
          },
          "volume-milliliter": {
            "displayName": "milliliters",
            "unitPattern-count-one": "{0} milliliter",
            "unitPattern-count-other": "{0} milliliters"
          },
          "volume-pint": {
            "displayName": "pints",
            "unitPattern-count-one": "{0} pint",
            "unitPattern-count-other": "{0} pints"
          },
          "volume-quart": {
            "displayName": "quarts",
            "unitPattern-count-one": "{0} quart",
            "unitPattern-count-other": "{0} quarts"
          },
          "volume-tablespoon": {
            "displayName": "tablespoons",
            "unitPattern-count-one": "{0} tablespoon",
            "unitPattern-count-other": "{0} tablespoons"
          },
          "volume-teaspoon": {
            "displayName": "teaspoons",
            "unitPattern-count-one": "{0} teaspoon",
            "unitPattern-count-other": "{0} teaspoons"
          }
        },
        "short": {
          "per": {
            "compoundUnitPattern": "{0}/{1}"
          },
          "acceleration-g-force": {
            "displayName": "g-force",
            "unitPattern-count-one": "{0} G",
            "unitPattern-count-other": "{0} G"
          },
          "acceleration-meter-per-second-squared": {
            "displayName": "meters/sec²",
            "unitPattern-count-one": "{0} m/s²",
            "unitPattern-count-other": "{0} m/s²"
          },
          "angle-arc-minute": {
            "displayName": "arcmins",
            "unitPattern-count-one": "{0} arcmin",
            "unitPattern-count-other": "{0} arcmins"
          },
          "angle-arc-second": {
            "displayName": "arcsecs",
            "unitPattern-count-one": "{0} arcsec",
            "unitPattern-count-other": "{0} arcsecs"
          },
          "angle-degree": {
            "displayName": "degrees",
            "unitPattern-count-one": "{0} deg",
            "unitPattern-count-other": "{0} deg"
          },
          "angle-radian": {
            "displayName": "radians",
            "unitPattern-count-one": "{0} rad",
            "unitPattern-count-other": "{0} rad"
          },
          "area-acre": {
            "displayName": "acres",
            "unitPattern-count-one": "{0} ac",
            "unitPattern-count-other": "{0} ac"
          },
          "area-hectare": {
            "displayName": "hectares",
            "unitPattern-count-one": "{0} ha",
            "unitPattern-count-other": "{0} ha"
          },
          "area-square-centimeter": {
            "displayName": "cm²",
            "unitPattern-count-one": "{0} cm²",
            "unitPattern-count-other": "{0} cm²"
          },
          "area-square-foot": {
            "displayName": "sq feet",
            "unitPattern-count-one": "{0} sq ft",
            "unitPattern-count-other": "{0} sq ft"
          },
          "area-square-inch": {
            "displayName": "inches²",
            "unitPattern-count-one": "{0} in²",
            "unitPattern-count-other": "{0} in²"
          },
          "area-square-kilometer": {
            "displayName": "km²",
            "unitPattern-count-one": "{0} km²",
            "unitPattern-count-other": "{0} km²"
          },
          "area-square-meter": {
            "displayName": "meters²",
            "unitPattern-count-one": "{0} m²",
            "unitPattern-count-other": "{0} m²"
          },
          "area-square-mile": {
            "displayName": "sq miles",
            "unitPattern-count-one": "{0} sq mi",
            "unitPattern-count-other": "{0} sq mi"
          },
          "area-square-yard": {
            "displayName": "yards²",
            "unitPattern-count-one": "{0} yd²",
            "unitPattern-count-other": "{0} yd²"
          },
          "consumption-liter-per-kilometer": {
            "displayName": "liters/km",
            "unitPattern-count-one": "{0} L/km",
            "unitPattern-count-other": "{0} L/km"
          },
          "consumption-mile-per-gallon": {
            "displayName": "miles/gal",
            "unitPattern-count-one": "{0} mpg",
            "unitPattern-count-other": "{0} mpg"
          },
          "digital-bit": {
            "displayName": "bit",
            "unitPattern-count-one": "{0} bit",
            "unitPattern-count-other": "{0} bit"
          },
          "digital-byte": {
            "displayName": "byte",
            "unitPattern-count-one": "{0} byte",
            "unitPattern-count-other": "{0} byte"
          },
          "digital-gigabit": {
            "displayName": "Gbit",
            "unitPattern-count-one": "{0} Gb",
            "unitPattern-count-other": "{0} Gb"
          },
          "digital-gigabyte": {
            "displayName": "GByte",
            "unitPattern-count-one": "{0} GB",
            "unitPattern-count-other": "{0} GB"
          },
          "digital-kilobit": {
            "displayName": "kbit",
            "unitPattern-count-one": "{0} kb",
            "unitPattern-count-other": "{0} kb"
          },
          "digital-kilobyte": {
            "displayName": "kByte",
            "unitPattern-count-one": "{0} kB",
            "unitPattern-count-other": "{0} kB"
          },
          "digital-megabit": {
            "displayName": "Mbit",
            "unitPattern-count-one": "{0} Mb",
            "unitPattern-count-other": "{0} Mb"
          },
          "digital-megabyte": {
            "displayName": "MByte",
            "unitPattern-count-one": "{0} MB",
            "unitPattern-count-other": "{0} MB"
          },
          "digital-terabit": {
            "displayName": "Tbit",
            "unitPattern-count-one": "{0} Tb",
            "unitPattern-count-other": "{0} Tb"
          },
          "digital-terabyte": {
            "displayName": "TByte",
            "unitPattern-count-one": "{0} TB",
            "unitPattern-count-other": "{0} TB"
          },
          "duration-day": {
            "displayName": "days",
            "unitPattern-count-one": "{0} day",
            "unitPattern-count-other": "{0} days"
          },
          "duration-hour": {
            "displayName": "hours",
            "unitPattern-count-one": "{0} hr",
            "unitPattern-count-other": "{0} hrs",
            "perUnitPattern": "{0}ph"
          },
          "duration-microsecond": {
            "displayName": "μsecs",
            "unitPattern-count-one": "{0} μs",
            "unitPattern-count-other": "{0} μs"
          },
          "duration-millisecond": {
            "displayName": "millisecs",
            "unitPattern-count-one": "{0} ms",
            "unitPattern-count-other": "{0} ms"
          },
          "duration-minute": {
            "displayName": "mins",
            "unitPattern-count-one": "{0} min",
            "unitPattern-count-other": "{0} mins"
          },
          "duration-month": {
            "displayName": "months",
            "unitPattern-count-one": "{0} mth",
            "unitPattern-count-other": "{0} mths"
          },
          "duration-nanosecond": {
            "displayName": "nanosecs",
            "unitPattern-count-one": "{0} ns",
            "unitPattern-count-other": "{0} ns"
          },
          "duration-second": {
            "displayName": "secs",
            "unitPattern-count-one": "{0} sec",
            "unitPattern-count-other": "{0} secs",
            "perUnitPattern": "{0}ps"
          },
          "duration-week": {
            "displayName": "weeks",
            "unitPattern-count-one": "{0} wk",
            "unitPattern-count-other": "{0} wks"
          },
          "duration-year": {
            "displayName": "years",
            "unitPattern-count-one": "{0} yr",
            "unitPattern-count-other": "{0} yrs"
          },
          "electric-ampere": {
            "displayName": "amps",
            "unitPattern-count-one": "{0} A",
            "unitPattern-count-other": "{0} A"
          },
          "electric-milliampere": {
            "displayName": "milliamps",
            "unitPattern-count-one": "{0} mA",
            "unitPattern-count-other": "{0} mA"
          },
          "electric-ohm": {
            "displayName": "ohms",
            "unitPattern-count-one": "{0} Ω",
            "unitPattern-count-other": "{0} Ω"
          },
          "electric-volt": {
            "displayName": "volts",
            "unitPattern-count-one": "{0} V",
            "unitPattern-count-other": "{0} V"
          },
          "energy-calorie": {
            "displayName": "cal",
            "unitPattern-count-one": "{0} cal",
            "unitPattern-count-other": "{0} cal"
          },
          "energy-foodcalorie": {
            "displayName": "Cal",
            "unitPattern-count-one": "{0} Cal",
            "unitPattern-count-other": "{0} Cal"
          },
          "energy-joule": {
            "displayName": "joules",
            "unitPattern-count-one": "{0} J",
            "unitPattern-count-other": "{0} J"
          },
          "energy-kilocalorie": {
            "displayName": "kcal",
            "unitPattern-count-one": "{0} kcal",
            "unitPattern-count-other": "{0} kcal"
          },
          "energy-kilojoule": {
            "displayName": "kilojoule",
            "unitPattern-count-one": "{0} kJ",
            "unitPattern-count-other": "{0} kJ"
          },
          "energy-kilowatt-hour": {
            "displayName": "kW-hour",
            "unitPattern-count-one": "{0} kWh",
            "unitPattern-count-other": "{0} kWh"
          },
          "frequency-gigahertz": {
            "displayName": "GHz",
            "unitPattern-count-one": "{0} GHz",
            "unitPattern-count-other": "{0} GHz"
          },
          "frequency-hertz": {
            "displayName": "Hz",
            "unitPattern-count-one": "{0} Hz",
            "unitPattern-count-other": "{0} Hz"
          },
          "frequency-kilohertz": {
            "displayName": "kHz",
            "unitPattern-count-one": "{0} kHz",
            "unitPattern-count-other": "{0} kHz"
          },
          "frequency-megahertz": {
            "displayName": "MHz",
            "unitPattern-count-one": "{0} MHz",
            "unitPattern-count-other": "{0} MHz"
          },
          "length-astronomical-unit": {
            "displayName": "au",
            "unitPattern-count-one": "{0} au",
            "unitPattern-count-other": "{0} au"
          },
          "length-centimeter": {
            "displayName": "cm",
            "unitPattern-count-one": "{0} cm",
            "unitPattern-count-other": "{0} cm"
          },
          "length-decimeter": {
            "displayName": "dm",
            "unitPattern-count-one": "{0} dm",
            "unitPattern-count-other": "{0} dm"
          },
          "length-fathom": {
            "displayName": "fathoms",
            "unitPattern-count-one": "{0} ftm",
            "unitPattern-count-other": "{0} ftm"
          },
          "length-foot": {
            "displayName": "feet",
            "unitPattern-count-one": "{0} ft",
            "unitPattern-count-other": "{0} ft"
          },
          "length-furlong": {
            "displayName": "furlongs",
            "unitPattern-count-one": "{0} fur",
            "unitPattern-count-other": "{0} fur"
          },
          "length-inch": {
            "displayName": "inches",
            "unitPattern-count-one": "{0} in",
            "unitPattern-count-other": "{0} in"
          },
          "length-kilometer": {
            "displayName": "km",
            "unitPattern-count-one": "{0} km",
            "unitPattern-count-other": "{0} km"
          },
          "length-light-year": {
            "displayName": "light yrs",
            "unitPattern-count-one": "{0} ly",
            "unitPattern-count-other": "{0} ly"
          },
          "length-meter": {
            "displayName": "meters",
            "unitPattern-count-one": "{0} m",
            "unitPattern-count-other": "{0} m"
          },
          "length-micrometer": {
            "displayName": "µmeters",
            "unitPattern-count-one": "{0} µm",
            "unitPattern-count-other": "{0} µm"
          },
          "length-mile": {
            "displayName": "miles",
            "unitPattern-count-one": "{0} mi",
            "unitPattern-count-other": "{0} mi"
          },
          "length-millimeter": {
            "displayName": "mm",
            "unitPattern-count-one": "{0} mm",
            "unitPattern-count-other": "{0} mm"
          },
          "length-nanometer": {
            "displayName": "nm",
            "unitPattern-count-one": "{0} nm",
            "unitPattern-count-other": "{0} nm"
          },
          "length-nautical-mile": {
            "displayName": "nmi",
            "unitPattern-count-one": "{0} nmi",
            "unitPattern-count-other": "{0} nmi"
          },
          "length-parsec": {
            "displayName": "parsecs",
            "unitPattern-count-one": "{0} pc",
            "unitPattern-count-other": "{0} pc"
          },
          "length-picometer": {
            "displayName": "pm",
            "unitPattern-count-one": "{0} pm",
            "unitPattern-count-other": "{0} pm"
          },
          "length-yard": {
            "displayName": "yards",
            "unitPattern-count-one": "{0} yd",
            "unitPattern-count-other": "{0} yd"
          },
          "light-lux": {
            "displayName": "lux",
            "unitPattern-count-one": "{0} lx",
            "unitPattern-count-other": "{0} lx"
          },
          "mass-carat": {
            "displayName": "carats",
            "unitPattern-count-one": "{0} CD",
            "unitPattern-count-other": "{0} CD"
          },
          "mass-gram": {
            "displayName": "grams",
            "unitPattern-count-one": "{0} g",
            "unitPattern-count-other": "{0} g"
          },
          "mass-kilogram": {
            "displayName": "kg",
            "unitPattern-count-one": "{0} kg",
            "unitPattern-count-other": "{0} kg"
          },
          "mass-metric-ton": {
            "displayName": "t",
            "unitPattern-count-one": "{0} t",
            "unitPattern-count-other": "{0} t"
          },
          "mass-microgram": {
            "displayName": "µg",
            "unitPattern-count-one": "{0} µg",
            "unitPattern-count-other": "{0} µg"
          },
          "mass-milligram": {
            "displayName": "mg",
            "unitPattern-count-one": "{0} mg",
            "unitPattern-count-other": "{0} mg"
          },
          "mass-ounce": {
            "displayName": "oz",
            "unitPattern-count-one": "{0} oz",
            "unitPattern-count-other": "{0} oz"
          },
          "mass-ounce-troy": {
            "displayName": "oz troy",
            "unitPattern-count-one": "{0} oz t",
            "unitPattern-count-other": "{0} oz t"
          },
          "mass-pound": {
            "displayName": "pounds",
            "unitPattern-count-one": "{0} lb",
            "unitPattern-count-other": "{0} lb"
          },
          "mass-stone": {
            "displayName": "stones",
            "unitPattern-count-one": "{0} st",
            "unitPattern-count-other": "{0} st"
          },
          "mass-ton": {
            "displayName": "tons",
            "unitPattern-count-one": "{0} tn",
            "unitPattern-count-other": "{0} tn"
          },
          "power-gigawatt": {
            "displayName": "GW",
            "unitPattern-count-one": "{0} GW",
            "unitPattern-count-other": "{0} GW"
          },
          "power-horsepower": {
            "displayName": "hp",
            "unitPattern-count-one": "{0} hp",
            "unitPattern-count-other": "{0} hp"
          },
          "power-kilowatt": {
            "displayName": "kW",
            "unitPattern-count-one": "{0} kW",
            "unitPattern-count-other": "{0} kW"
          },
          "power-megawatt": {
            "displayName": "MW",
            "unitPattern-count-one": "{0} MW",
            "unitPattern-count-other": "{0} MW"
          },
          "power-milliwatt": {
            "displayName": "mW",
            "unitPattern-count-one": "{0} mW",
            "unitPattern-count-other": "{0} mW"
          },
          "power-watt": {
            "displayName": "watts",
            "unitPattern-count-one": "{0} W",
            "unitPattern-count-other": "{0} W"
          },
          "pressure-hectopascal": {
            "displayName": "hPa",
            "unitPattern-count-one": "{0} hPa",
            "unitPattern-count-other": "{0} hPa"
          },
          "pressure-inch-hg": {
            "displayName": "in Hg",
            "unitPattern-count-one": "{0} inHg",
            "unitPattern-count-other": "{0} inHg"
          },
          "pressure-millibar": {
            "displayName": "mbar",
            "unitPattern-count-one": "{0} mbar",
            "unitPattern-count-other": "{0} mbar"
          },
          "pressure-millimeter-of-mercury": {
            "displayName": "mm Hg",
            "unitPattern-count-one": "{0} mm Hg",
            "unitPattern-count-other": "{0} mm Hg"
          },
          "pressure-pound-per-square-inch": {
            "displayName": "psi",
            "unitPattern-count-one": "{0} psi",
            "unitPattern-count-other": "{0} psi"
          },
          "proportion-karat": {
            "displayName": "karats",
            "unitPattern-count-one": "{0} kt",
            "unitPattern-count-other": "{0} kt"
          },
          "speed-kilometer-per-hour": {
            "displayName": "km/hour",
            "unitPattern-count-one": "{0} kph",
            "unitPattern-count-other": "{0} kph"
          },
          "speed-meter-per-second": {
            "displayName": "meters/sec",
            "unitPattern-count-one": "{0} m/s",
            "unitPattern-count-other": "{0} m/s"
          },
          "speed-mile-per-hour": {
            "displayName": "miles/hour",
            "unitPattern-count-one": "{0} mph",
            "unitPattern-count-other": "{0} mph"
          },
          "temperature-celsius": {
            "displayName": "deg. C",
            "unitPattern-count-one": "{0}°C",
            "unitPattern-count-other": "{0}°C"
          },
          "temperature-fahrenheit": {
            "displayName": "deg. F",
            "unitPattern-count-one": "{0}°F",
            "unitPattern-count-other": "{0}°F"
          },
          "temperature-kelvin": {
            "displayName": "K",
            "unitPattern-count-one": "{0} K",
            "unitPattern-count-other": "{0} K"
          },
          "volume-acre-foot": {
            "displayName": "acre ft",
            "unitPattern-count-one": "{0} ac ft",
            "unitPattern-count-other": "{0} ac ft"
          },
          "volume-bushel": {
            "displayName": "bushels",
            "unitPattern-count-one": "{0} bu",
            "unitPattern-count-other": "{0} bu"
          },
          "volume-centiliter": {
            "displayName": "cL",
            "unitPattern-count-one": "{0} cL",
            "unitPattern-count-other": "{0} cL"
          },
          "volume-cubic-centimeter": {
            "displayName": "cm³",
            "unitPattern-count-one": "{0} cm³",
            "unitPattern-count-other": "{0} cm³"
          },
          "volume-cubic-foot": {
            "displayName": "feet³",
            "unitPattern-count-one": "{0} ft³",
            "unitPattern-count-other": "{0} ft³"
          },
          "volume-cubic-inch": {
            "displayName": "inches³",
            "unitPattern-count-one": "{0} in³",
            "unitPattern-count-other": "{0} in³"
          },
          "volume-cubic-kilometer": {
            "displayName": "km³",
            "unitPattern-count-one": "{0} km³",
            "unitPattern-count-other": "{0} km³"
          },
          "volume-cubic-meter": {
            "displayName": "m³",
            "unitPattern-count-one": "{0} m³",
            "unitPattern-count-other": "{0} m³"
          },
          "volume-cubic-mile": {
            "displayName": "mi³",
            "unitPattern-count-one": "{0} mi³",
            "unitPattern-count-other": "{0} mi³"
          },
          "volume-cubic-yard": {
            "displayName": "yards³",
            "unitPattern-count-one": "{0} yd³",
            "unitPattern-count-other": "{0} yd³"
          },
          "volume-cup": {
            "displayName": "cups",
            "unitPattern-count-one": "{0} c",
            "unitPattern-count-other": "{0} c"
          },
          "volume-deciliter": {
            "displayName": "dL",
            "unitPattern-count-one": "{0} dL",
            "unitPattern-count-other": "{0} dL"
          },
          "volume-fluid-ounce": {
            "displayName": "fl oz",
            "unitPattern-count-one": "{0} fl oz",
            "unitPattern-count-other": "{0} fl oz"
          },
          "volume-gallon": {
            "displayName": "gal",
            "unitPattern-count-one": "{0} gal",
            "unitPattern-count-other": "{0} gal"
          },
          "volume-hectoliter": {
            "displayName": "hL",
            "unitPattern-count-one": "{0} hL",
            "unitPattern-count-other": "{0} hL"
          },
          "volume-liter": {
            "displayName": "liters",
            "unitPattern-count-one": "{0} L",
            "unitPattern-count-other": "{0} L"
          },
          "volume-megaliter": {
            "displayName": "ML",
            "unitPattern-count-one": "{0} ML",
            "unitPattern-count-other": "{0} ML"
          },
          "volume-milliliter": {
            "displayName": "mL",
            "unitPattern-count-one": "{0} mL",
            "unitPattern-count-other": "{0} mL"
          },
          "volume-pint": {
            "displayName": "pints",
            "unitPattern-count-one": "{0} pt",
            "unitPattern-count-other": "{0} pt"
          },
          "volume-quart": {
            "displayName": "qts",
            "unitPattern-count-one": "{0} qt",
            "unitPattern-count-other": "{0} qt"
          },
          "volume-tablespoon": {
            "displayName": "tbsp",
            "unitPattern-count-one": "{0} tbsp",
            "unitPattern-count-other": "{0} tbsp"
          },
          "volume-teaspoon": {
            "displayName": "tsp",
            "unitPattern-count-one": "{0} tsp",
            "unitPattern-count-other": "{0} tsp"
          }
        },
        "narrow": {
          "per": {
            "compoundUnitPattern": "{0}/{1}"
          },
          "acceleration-g-force": {
            "displayName": "g-force",
            "unitPattern-count-one": "{0}G",
            "unitPattern-count-other": "{0}Gs"
          },
          "acceleration-meter-per-second-squared": {
            "displayName": "m/s²",
            "unitPattern-count-one": "{0}m/s²",
            "unitPattern-count-other": "{0}m/s²"
          },
          "angle-arc-minute": {
            "displayName": "arcmin",
            "unitPattern-count-one": "{0}′",
            "unitPattern-count-other": "{0}′"
          },
          "angle-arc-second": {
            "displayName": "arcsec",
            "unitPattern-count-one": "{0}″",
            "unitPattern-count-other": "{0}″"
          },
          "angle-degree": {
            "displayName": "deg",
            "unitPattern-count-one": "{0}°",
            "unitPattern-count-other": "{0}°"
          },
          "angle-radian": {
            "displayName": "rad",
            "unitPattern-count-one": "{0}rad",
            "unitPattern-count-other": "{0}rad"
          },
          "area-acre": {
            "displayName": "acre",
            "unitPattern-count-one": "{0}ac",
            "unitPattern-count-other": "{0}ac"
          },
          "area-hectare": {
            "displayName": "hectare",
            "unitPattern-count-one": "{0}ha",
            "unitPattern-count-other": "{0}ha"
          },
          "area-square-centimeter": {
            "displayName": "cm²",
            "unitPattern-count-one": "{0}cm²",
            "unitPattern-count-other": "{0}cm²"
          },
          "area-square-foot": {
            "displayName": "ft²",
            "unitPattern-count-one": "{0}ft²",
            "unitPattern-count-other": "{0}ft²"
          },
          "area-square-inch": {
            "displayName": "in²",
            "unitPattern-count-one": "{0}in²",
            "unitPattern-count-other": "{0}in²"
          },
          "area-square-kilometer": {
            "displayName": "km²",
            "unitPattern-count-one": "{0} km²",
            "unitPattern-count-other": "{0} km²"
          },
          "area-square-meter": {
            "displayName": "meters²",
            "unitPattern-count-one": "{0} m²",
            "unitPattern-count-other": "{0} m²"
          },
          "area-square-mile": {
            "displayName": "mi²",
            "unitPattern-count-one": "{0}mi²",
            "unitPattern-count-other": "{0}mi²"
          },
          "area-square-yard": {
            "displayName": "yd²",
            "unitPattern-count-one": "{0}yd²",
            "unitPattern-count-other": "{0}yd²"
          },
          "consumption-liter-per-kilometer": {
            "displayName": "L/km",
            "unitPattern-count-one": "{0}L/km",
            "unitPattern-count-other": "{0}L/km"
          },
          "consumption-mile-per-gallon": {
            "displayName": "mpg",
            "unitPattern-count-one": "{0}mpg",
            "unitPattern-count-other": "{0}mpg"
          },
          "digital-bit": {
            "displayName": "bit",
            "unitPattern-count-one": "{0}bit",
            "unitPattern-count-other": "{0}bit"
          },
          "digital-byte": {
            "displayName": "byte",
            "unitPattern-count-one": "{0}byte",
            "unitPattern-count-other": "{0}byte"
          },
          "digital-gigabit": {
            "displayName": "Gbit",
            "unitPattern-count-one": "{0}Gb",
            "unitPattern-count-other": "{0}Gb"
          },
          "digital-gigabyte": {
            "displayName": "GByte",
            "unitPattern-count-one": "{0}GB",
            "unitPattern-count-other": "{0}GB"
          },
          "digital-kilobit": {
            "displayName": "kbit",
            "unitPattern-count-one": "{0}kb",
            "unitPattern-count-other": "{0}kb"
          },
          "digital-kilobyte": {
            "displayName": "kByte",
            "unitPattern-count-one": "{0}kB",
            "unitPattern-count-other": "{0}kB"
          },
          "digital-megabit": {
            "displayName": "Mbit",
            "unitPattern-count-one": "{0}Mb",
            "unitPattern-count-other": "{0}Mb"
          },
          "digital-megabyte": {
            "displayName": "MByte",
            "unitPattern-count-one": "{0}MB",
            "unitPattern-count-other": "{0}MB"
          },
          "digital-terabit": {
            "displayName": "Tbit",
            "unitPattern-count-one": "{0}Tb",
            "unitPattern-count-other": "{0}Tb"
          },
          "digital-terabyte": {
            "displayName": "TByte",
            "unitPattern-count-one": "{0}TB",
            "unitPattern-count-other": "{0}TB"
          },
          "duration-day": {
            "displayName": "day",
            "unitPattern-count-one": "{0}d",
            "unitPattern-count-other": "{0}d"
          },
          "duration-hour": {
            "displayName": "hour",
            "unitPattern-count-one": "{0}h",
            "unitPattern-count-other": "{0}h",
            "perUnitPattern": "{0}/h"
          },
          "duration-microsecond": {
            "displayName": "μsec",
            "unitPattern-count-one": "{0}μs",
            "unitPattern-count-other": "{0}μs"
          },
          "duration-millisecond": {
            "displayName": "msec",
            "unitPattern-count-one": "{0}ms",
            "unitPattern-count-other": "{0}ms"
          },
          "duration-minute": {
            "displayName": "min",
            "unitPattern-count-one": "{0}m",
            "unitPattern-count-other": "{0}m"
          },
          "duration-month": {
            "displayName": "month",
            "unitPattern-count-one": "{0}m",
            "unitPattern-count-other": "{0}m"
          },
          "duration-nanosecond": {
            "displayName": "ns",
            "unitPattern-count-one": "{0}ns",
            "unitPattern-count-other": "{0}ns"
          },
          "duration-second": {
            "displayName": "sec",
            "unitPattern-count-one": "{0}s",
            "unitPattern-count-other": "{0}s",
            "perUnitPattern": "{0}/s"
          },
          "duration-week": {
            "displayName": "wk",
            "unitPattern-count-one": "{0}w",
            "unitPattern-count-other": "{0}w"
          },
          "duration-year": {
            "displayName": "yr",
            "unitPattern-count-one": "{0}y",
            "unitPattern-count-other": "{0}y"
          },
          "electric-ampere": {
            "displayName": "amp",
            "unitPattern-count-one": "{0}A",
            "unitPattern-count-other": "{0}A"
          },
          "electric-milliampere": {
            "displayName": "mA",
            "unitPattern-count-one": "{0}mA",
            "unitPattern-count-other": "{0}mA"
          },
          "electric-ohm": {
            "displayName": "ohm",
            "unitPattern-count-one": "{0}Ω",
            "unitPattern-count-other": "{0}Ω"
          },
          "electric-volt": {
            "displayName": "volt",
            "unitPattern-count-one": "{0}V",
            "unitPattern-count-other": "{0}V"
          },
          "energy-calorie": {
            "displayName": "cal",
            "unitPattern-count-one": "{0}cal",
            "unitPattern-count-other": "{0}cal"
          },
          "energy-foodcalorie": {
            "displayName": "Cal",
            "unitPattern-count-one": "{0}Cal",
            "unitPattern-count-other": "{0}Cal"
          },
          "energy-joule": {
            "displayName": "joule",
            "unitPattern-count-one": "{0}J",
            "unitPattern-count-other": "{0}J"
          },
          "energy-kilocalorie": {
            "displayName": "kcal",
            "unitPattern-count-one": "{0}kcal",
            "unitPattern-count-other": "{0}kcal"
          },
          "energy-kilojoule": {
            "displayName": "kJ",
            "unitPattern-count-one": "{0}kJ",
            "unitPattern-count-other": "{0}kJ"
          },
          "energy-kilowatt-hour": {
            "displayName": "kWh",
            "unitPattern-count-one": "{0}kWh",
            "unitPattern-count-other": "{0}kWh"
          },
          "frequency-gigahertz": {
            "displayName": "GHz",
            "unitPattern-count-one": "{0}GHz",
            "unitPattern-count-other": "{0}GHz"
          },
          "frequency-hertz": {
            "displayName": "Hz",
            "unitPattern-count-one": "{0}Hz",
            "unitPattern-count-other": "{0}Hz"
          },
          "frequency-kilohertz": {
            "displayName": "kHz",
            "unitPattern-count-one": "{0}kHz",
            "unitPattern-count-other": "{0}kHz"
          },
          "frequency-megahertz": {
            "displayName": "MHz",
            "unitPattern-count-one": "{0}MHz",
            "unitPattern-count-other": "{0}MHz"
          },
          "length-astronomical-unit": {
            "displayName": "au",
            "unitPattern-count-one": "{0}au",
            "unitPattern-count-other": "{0}au"
          },
          "length-centimeter": {
            "displayName": "cm",
            "unitPattern-count-one": "{0}cm",
            "unitPattern-count-other": "{0}cm"
          },
          "length-decimeter": {
            "displayName": "dm",
            "unitPattern-count-one": "{0}dm",
            "unitPattern-count-other": "{0}dm"
          },
          "length-fathom": {
            "displayName": "fathom",
            "unitPattern-count-one": "{0}fm",
            "unitPattern-count-other": "{0}fm"
          },
          "length-foot": {
            "displayName": "ft",
            "unitPattern-count-one": "{0}′",
            "unitPattern-count-other": "{0}′"
          },
          "length-furlong": {
            "displayName": "furlong",
            "unitPattern-count-one": "{0}fur",
            "unitPattern-count-other": "{0}fur"
          },
          "length-inch": {
            "displayName": "in",
            "unitPattern-count-one": "{0}″",
            "unitPattern-count-other": "{0}″"
          },
          "length-kilometer": {
            "displayName": "km",
            "unitPattern-count-one": "{0}km",
            "unitPattern-count-other": "{0}km"
          },
          "length-light-year": {
            "displayName": "ly",
            "unitPattern-count-one": "{0}ly",
            "unitPattern-count-other": "{0}ly"
          },
          "length-meter": {
            "displayName": "meter",
            "unitPattern-count-one": "{0}m",
            "unitPattern-count-other": "{0}m"
          },
          "length-micrometer": {
            "displayName": "µm",
            "unitPattern-count-one": "{0}µm",
            "unitPattern-count-other": "{0}µm"
          },
          "length-mile": {
            "displayName": "mi",
            "unitPattern-count-one": "{0}mi",
            "unitPattern-count-other": "{0}mi"
          },
          "length-millimeter": {
            "displayName": "mm",
            "unitPattern-count-one": "{0}mm",
            "unitPattern-count-other": "{0}mm"
          },
          "length-nanometer": {
            "displayName": "nm",
            "unitPattern-count-one": "{0}nm",
            "unitPattern-count-other": "{0}nm"
          },
          "length-nautical-mile": {
            "displayName": "nmi",
            "unitPattern-count-one": "{0}nmi",
            "unitPattern-count-other": "{0}nmi"
          },
          "length-parsec": {
            "displayName": "parsec",
            "unitPattern-count-one": "{0}pc",
            "unitPattern-count-other": "{0}pc"
          },
          "length-picometer": {
            "displayName": "pm",
            "unitPattern-count-one": "{0}pm",
            "unitPattern-count-other": "{0}pm"
          },
          "length-yard": {
            "displayName": "yd",
            "unitPattern-count-one": "{0}yd",
            "unitPattern-count-other": "{0}yd"
          },
          "light-lux": {
            "displayName": "lux",
            "unitPattern-count-one": "{0}lx",
            "unitPattern-count-other": "{0}lx"
          },
          "mass-carat": {
            "displayName": "carat",
            "unitPattern-count-one": "{0}CD",
            "unitPattern-count-other": "{0}CD"
          },
          "mass-gram": {
            "displayName": "gram",
            "unitPattern-count-one": "{0}g",
            "unitPattern-count-other": "{0}g"
          },
          "mass-kilogram": {
            "displayName": "kg",
            "unitPattern-count-one": "{0}kg",
            "unitPattern-count-other": "{0}kg"
          },
          "mass-metric-ton": {
            "displayName": "t",
            "unitPattern-count-one": "{0}t",
            "unitPattern-count-other": "{0}t"
          },
          "mass-microgram": {
            "displayName": "µg",
            "unitPattern-count-one": "{0}µg",
            "unitPattern-count-other": "{0}µg"
          },
          "mass-milligram": {
            "displayName": "mg",
            "unitPattern-count-one": "{0}mg",
            "unitPattern-count-other": "{0}mg"
          },
          "mass-ounce": {
            "displayName": "oz",
            "unitPattern-count-one": "{0}oz",
            "unitPattern-count-other": "{0}oz"
          },
          "mass-ounce-troy": {
            "displayName": "oz t",
            "unitPattern-count-one": "{0}oz t",
            "unitPattern-count-other": "{0}oz t"
          },
          "mass-pound": {
            "displayName": "lb",
            "unitPattern-count-one": "{0}#",
            "unitPattern-count-other": "{0}#"
          },
          "mass-stone": {
            "displayName": "stone",
            "unitPattern-count-one": "{0}st",
            "unitPattern-count-other": "{0}st"
          },
          "mass-ton": {
            "displayName": "ton",
            "unitPattern-count-one": "{0}tn",
            "unitPattern-count-other": "{0}tn"
          },
          "power-gigawatt": {
            "displayName": "GW",
            "unitPattern-count-one": "{0}GW",
            "unitPattern-count-other": "{0}GW"
          },
          "power-horsepower": {
            "displayName": "hp",
            "unitPattern-count-one": "{0}hp",
            "unitPattern-count-other": "{0}hp"
          },
          "power-kilowatt": {
            "displayName": "kW",
            "unitPattern-count-one": "{0}kW",
            "unitPattern-count-other": "{0}kW"
          },
          "power-megawatt": {
            "displayName": "MW",
            "unitPattern-count-one": "{0}MW",
            "unitPattern-count-other": "{0}MW"
          },
          "power-milliwatt": {
            "displayName": "mW",
            "unitPattern-count-one": "{0}mW",
            "unitPattern-count-other": "{0}mW"
          },
          "power-watt": {
            "displayName": "watt",
            "unitPattern-count-one": "{0}W",
            "unitPattern-count-other": "{0}W"
          },
          "pressure-hectopascal": {
            "displayName": "hPa",
            "unitPattern-count-one": "{0}hPa",
            "unitPattern-count-other": "{0}hPa"
          },
          "pressure-inch-hg": {
            "displayName": "″ Hg",
            "unitPattern-count-one": "{0}″ Hg",
            "unitPattern-count-other": "{0}″ Hg"
          },
          "pressure-millibar": {
            "displayName": "mbar",
            "unitPattern-count-one": "{0}mb",
            "unitPattern-count-other": "{0}mb"
          },
          "pressure-millimeter-of-mercury": {
            "displayName": "mm Hg",
            "unitPattern-count-one": "{0}mm Hg",
            "unitPattern-count-other": "{0}mm Hg"
          },
          "pressure-pound-per-square-inch": {
            "displayName": "psi",
            "unitPattern-count-one": "{0}psi",
            "unitPattern-count-other": "{0}psi"
          },
          "proportion-karat": {
            "displayName": "karat",
            "unitPattern-count-one": "{0}kt",
            "unitPattern-count-other": "{0}kt"
          },
          "speed-kilometer-per-hour": {
            "displayName": "km/hr",
            "unitPattern-count-one": "{0}kph",
            "unitPattern-count-other": "{0}kph"
          },
          "speed-meter-per-second": {
            "displayName": "m/s",
            "unitPattern-count-one": "{0}m/s",
            "unitPattern-count-other": "{0}m/s"
          },
          "speed-mile-per-hour": {
            "displayName": "mi/hr",
            "unitPattern-count-one": "{0}mph",
            "unitPattern-count-other": "{0}mph"
          },
          "temperature-celsius": {
            "displayName": "°C",
            "unitPattern-count-one": "{0}°C",
            "unitPattern-count-other": "{0}°C"
          },
          "temperature-fahrenheit": {
            "displayName": "°F",
            "unitPattern-count-one": "{0}°",
            "unitPattern-count-other": "{0}°"
          },
          "temperature-kelvin": {
            "displayName": "K",
            "unitPattern-count-one": "{0}K",
            "unitPattern-count-other": "{0}K"
          },
          "volume-acre-foot": {
            "displayName": "acre ft",
            "unitPattern-count-one": "{0}ac ft",
            "unitPattern-count-other": "{0}ac ft"
          },
          "volume-bushel": {
            "displayName": "bushel",
            "unitPattern-count-one": "{0}bu",
            "unitPattern-count-other": "{0}bu"
          },
          "volume-centiliter": {
            "displayName": "cL",
            "unitPattern-count-one": "{0}cL",
            "unitPattern-count-other": "{0}cL"
          },
          "volume-cubic-centimeter": {
            "displayName": "cm³",
            "unitPattern-count-one": "{0}cm³",
            "unitPattern-count-other": "{0}cm³"
          },
          "volume-cubic-foot": {
            "displayName": "ft³",
            "unitPattern-count-one": "{0}ft³",
            "unitPattern-count-other": "{0}ft³"
          },
          "volume-cubic-inch": {
            "displayName": "in³",
            "unitPattern-count-one": "{0}in³",
            "unitPattern-count-other": "{0}in³"
          },
          "volume-cubic-kilometer": {
            "displayName": "km³",
            "unitPattern-count-one": "{0}km³",
            "unitPattern-count-other": "{0}km³"
          },
          "volume-cubic-meter": {
            "displayName": "m³",
            "unitPattern-count-one": "{0}m³",
            "unitPattern-count-other": "{0}m³"
          },
          "volume-cubic-mile": {
            "displayName": "mi³",
            "unitPattern-count-one": "{0}mi³",
            "unitPattern-count-other": "{0}mi³"
          },
          "volume-cubic-yard": {
            "displayName": "yd³",
            "unitPattern-count-one": "{0}yd³",
            "unitPattern-count-other": "{0}yd³"
          },
          "volume-cup": {
            "displayName": "cup",
            "unitPattern-count-one": "{0}c",
            "unitPattern-count-other": "{0}c"
          },
          "volume-deciliter": {
            "displayName": "dL",
            "unitPattern-count-one": "{0}dL",
            "unitPattern-count-other": "{0}dL"
          },
          "volume-fluid-ounce": {
            "displayName": "fl oz",
            "unitPattern-count-one": "{0}fl oz",
            "unitPattern-count-other": "{0}fl oz"
          },
          "volume-gallon": {
            "displayName": "gal",
            "unitPattern-count-one": "{0}gal",
            "unitPattern-count-other": "{0}gal"
          },
          "volume-hectoliter": {
            "displayName": "hL",
            "unitPattern-count-one": "{0}hL",
            "unitPattern-count-other": "{0}hL"
          },
          "volume-liter": {
            "displayName": "liter",
            "unitPattern-count-one": "{0}l",
            "unitPattern-count-other": "{0}l"
          },
          "volume-megaliter": {
            "displayName": "ML",
            "unitPattern-count-one": "{0}ML",
            "unitPattern-count-other": "{0}ML"
          },
          "volume-milliliter": {
            "displayName": "mL",
            "unitPattern-count-one": "{0}mL",
            "unitPattern-count-other": "{0}mL"
          },
          "volume-pint": {
            "displayName": "pt",
            "unitPattern-count-one": "{0}pt",
            "unitPattern-count-other": "{0}pt"
          },
          "volume-quart": {
            "displayName": "qt",
            "unitPattern-count-one": "{0}qt",
            "unitPattern-count-other": "{0}qt"
          },
          "volume-tablespoon": {
            "displayName": "tbsp",
            "unitPattern-count-one": "{0}tbsp",
            "unitPattern-count-other": "{0}tbsp"
          },
          "volume-teaspoon": {
            "displayName": "tsp",
            "unitPattern-count-one": "{0}tsp",
            "unitPattern-count-other": "{0}tsp"
          }
        },
        "durationUnit-type-hm": {
          "durationUnitPattern": "h:mm"
        },
        "durationUnit-type-hms": {
          "durationUnitPattern": "h:mm:ss"
        },
        "durationUnit-type-ms": {
          "durationUnitPattern": "m:ss"
        }
      }
    }
  }
}
