{
  "main": {
    "en-GB": {
      "identity": {
        "version": {
          "_cldrVersion": "26",
          "_number": "$Revision: 10819 $"
        },
        "generation": {
          "_date": "$Date: 2014-08-14 22:53:08 -0500 (Thu, 14 Aug 2014) $"
        },
        "language": "en",
        "territory": "001"
      },
      "dates": {
        "calendars": {
          "persian": {
            "months": {
              "format": {
                "abbreviated": {
                  "1": "Farvardin",
                  "2": "Ordibehesht",
                  "3": "Khordad",
                  "4": "Tir",
                  "5": "Mordad",
                  "6": "Shahrivar",
                  "7": "Mehr",
                  "8": "Aban",
                  "9": "Azar",
                  "10": "Dey",
                  "11": "Bahman",
                  "12": "Esfand"
                },
                "narrow": {
                  "1": "1",
                  "2": "2",
                  "3": "3",
                  "4": "4",
                  "5": "5",
                  "6": "6",
                  "7": "7",
                  "8": "8",
                  "9": "9",
                  "10": "10",
                  "11": "11",
                  "12": "12"
                },
                "wide": {
                  "1": "Farvardin",
                  "2": "Ordibehesht",
                  "3": "Khordad",
                  "4": "Tir",
                  "5": "Mordad",
                  "6": "Shahrivar",
                  "7": "Mehr",
                  "8": "Aban",
                  "9": "Azar",
                  "10": "Dey",
                  "11": "Bahman",
                  "12": "Esfand"
                }
              },
              "stand-alone": {
                "abbreviated": {
                  "1": "Farvardin",
                  "2": "Ordibehesht",
                  "3": "Khordad",
                  "4": "Tir",
                  "5": "Mordad",
                  "6": "Shahrivar",
                  "7": "Mehr",
                  "8": "Aban",
                  "9": "Azar",
                  "10": "Dey",
                  "11": "Bahman",
                  "12": "Esfand"
                },
                "narrow": {
                  "1": "1",
                  "2": "2",
                  "3": "3",
                  "4": "4",
                  "5": "5",
                  "6": "6",
                  "7": "7",
                  "8": "8",
                  "9": "9",
                  "10": "10",
                  "11": "11",
                  "12": "12"
                },
                "wide": {
                  "1": "Farvardin",
                  "2": "Ordibehesht",
                  "3": "Khordad",
                  "4": "Tir",
                  "5": "Mordad",
                  "6": "Shahrivar",
                  "7": "Mehr",
                  "8": "Aban",
                  "9": "Azar",
                  "10": "Dey",
                  "11": "Bahman",
                  "12": "Esfand"
                }
              }
            },
            "days": {
              "format": {
                "abbreviated": {
                  "sun": "Sun",
                  "mon": "Mon",
                  "tue": "Tue",
                  "wed": "Wed",
                  "thu": "Thu",
                  "fri": "Fri",
                  "sat": "Sat"
                },
                "narrow": {
                  "sun": "S",
                  "mon": "M",
                  "tue": "T",
                  "wed": "W",
                  "thu": "T",
                  "fri": "F",
                  "sat": "S"
                },
                "short": {
                  "sun": "Su",
                  "mon": "Mo",
                  "tue": "Tu",
                  "wed": "We",
                  "thu": "Th",
                  "fri": "Fr",
                  "sat": "Sa"
                },
                "wide": {
                  "sun": "Sunday",
                  "mon": "Monday",
                  "tue": "Tuesday",
                  "wed": "Wednesday",
                  "thu": "Thursday",
                  "fri": "Friday",
                  "sat": "Saturday"
                }
              },
              "stand-alone": {
                "abbreviated": {
                  "sun": "Sun",
                  "mon": "Mon",
                  "tue": "Tue",
                  "wed": "Wed",
                  "thu": "Thu",
                  "fri": "Fri",
                  "sat": "Sat"
                },
                "narrow": {
                  "sun": "S",
                  "mon": "M",
                  "tue": "T",
                  "wed": "W",
                  "thu": "T",
                  "fri": "F",
                  "sat": "S"
                },
                "short": {
                  "sun": "Su",
                  "mon": "Mo",
                  "tue": "Tu",
                  "wed": "We",
                  "thu": "Th",
                  "fri": "Fr",
                  "sat": "Sa"
                },
                "wide": {
                  "sun": "Sunday",
                  "mon": "Monday",
                  "tue": "Tuesday",
                  "wed": "Wednesday",
                  "thu": "Thursday",
                  "fri": "Friday",
                  "sat": "Saturday"
                }
              }
            },
            "quarters": {
              "format": {
                "abbreviated": {
                  "1": "Q1",
                  "2": "Q2",
                  "3": "Q3",
                  "4": "Q4"
                },
                "narrow": {
                  "1": "1",
                  "2": "2",
                  "3": "3",
                  "4": "4"
                },
                "wide": {
                  "1": "1st quarter",
                  "2": "2nd quarter",
                  "3": "3rd quarter",
                  "4": "4th quarter"
                }
              },
              "stand-alone": {
                "abbreviated": {
                  "1": "Q1",
                  "2": "Q2",
                  "3": "Q3",
                  "4": "Q4"
                },
                "narrow": {
                  "1": "1",
                  "2": "2",
                  "3": "3",
                  "4": "4"
                },
                "wide": {
                  "1": "1st quarter",
                  "2": "2nd quarter",
                  "3": "3rd quarter",
                  "4": "4th quarter"
                }
              }
            },
            "dayPeriods": {
              "format": {
                "abbreviated": {
                  "am": "am",
                  "am-alt-variant": "am",
                  "noon": "noon",
                  "pm": "pm",
                  "pm-alt-variant": "pm"
                },
                "narrow": {
                  "am": "a",
                  "noon": "n",
                  "pm": "p"
                },
                "wide": {
                  "am": "am",
                  "am-alt-variant": "am",
                  "noon": "noon",
                  "pm": "pm",
                  "pm-alt-variant": "pm"
                }
              },
              "stand-alone": {
                "abbreviated": {
                  "am": "am",
                  "am-alt-variant": "am",
                  "noon": "noon",
                  "pm": "pm",
                  "pm-alt-variant": "pm"
                },
                "narrow": {
                  "am": "a",
                  "noon": "n",
                  "pm": "p"
                },
                "wide": {
                  "am": "am",
                  "am-alt-variant": "am",
                  "noon": "noon",
                  "pm": "pm",
                  "pm-alt-variant": "pm"
                }
              }
            },
            "eras": {
              "eraNames": {
                "0": "AP"
              },
              "eraAbbr": {
                "0": "AP"
              },
              "eraNarrow": {
                "0": "AP"
              }
            },
            "dateFormats": {
              "full": "EEEE, d MMMM y G",
              "long": "d MMMM y G",
              "medium": "d MMM y G",
              "short": "dd/MM/y GGGGG"
            },
            "timeFormats": {
              "full": "HH:mm:ss zzzz",
              "long": "HH:mm:ss z",
              "medium": "HH:mm:ss",
              "short": "HH:mm"
            },
            "dateTimeFormats": {
              "full": "{1} {0}",
              "long": "{1} {0}",
              "medium": "{1} {0}",
              "short": "{1} {0}",
              "availableFormats": {
                "E": "ccc",
                "EHm": "E HH:mm",
                "EHms": "E HH:mm:ss",
                "Ed": "E d",
                "Ehm": "E h:mm a",
                "Ehms": "E h:mm:ss a",
                "Gy": "y G",
                "GyMMM": "MMM y G",
                "GyMMMEd": "E, d MMM y G",
                "GyMMMd": "d MMM y G",
                "H": "HH",
                "Hm": "HH:mm",
                "Hms": "HH:mm:ss",
                "M": "LL",
                "MEd": "E dd/MM",
                "MMM": "LLL",
                "MMMEd": "E d MMM",
                "MMMMd": "d MMMM",
                "MMMd": "d MMM",
                "Md": "dd/MM",
                "d": "d",
                "h": "h a",
                "hm": "h:mm a",
                "hms": "h:mm:ss a",
                "ms": "mm:ss",
                "y": "y G",
                "yyyy": "y G",
                "yyyyM": "MM/y GGGGG",
                "yyyyMEd": "E, dd/MM/y GGGGG",
                "yyyyMMM": "MMM y G",
                "yyyyMMMEd": "E, d MMM y G",
                "yyyyMMMM": "MMMM y G",
                "yyyyMMMd": "d MMM y G",
                "yyyyMd": "dd/MM/y GGGGG",
                "yyyyQQQ": "QQQ y G",
                "yyyyQQQQ": "QQQQ y G"
              },
              "appendItems": {
                "Day": "{0} ({2}: {1})",
                "Day-Of-Week": "{0} {1}",
                "Era": "{0} {1}",
                "Hour": "{0} ({2}: {1})",
                "Minute": "{0} ({2}: {1})",
                "Month": "{0} ({2}: {1})",
                "Quarter": "{0} ({2}: {1})",
                "Second": "{0} ({2}: {1})",
                "Timezone": "{0} {1}",
                "Week": "{0} ({2}: {1})",
                "Year": "{0} {1}"
              },
              "intervalFormats": {
                "intervalFormatFallback": "{0} – {1}",
                "H": {
                  "H": "HH–HH"
                },
                "Hm": {
                  "H": "HH:mm–HH:mm",
                  "m": "HH:mm–HH:mm"
                },
                "Hmv": {
                  "H": "HH:mm–HH:mm v",
                  "m": "HH:mm–HH:mm v"
                },
                "Hv": {
                  "H": "HH–HH v"
                },
                "M": {
                  "M": "M–M"
                },
                "MEd": {
                  "M": "E dd/MM – E dd/MM",
                  "d": "E dd/MM – E dd/MM"
                },
                "MMM": {
                  "M": "MMM–MMM"
                },
                "MMMEd": {
                  "M": "E d MMM – E d MMM",
                  "d": "E d – E d MMM"
                },
                "MMMd": {
                  "M": "d MMM – d MMM",
                  "d": "d–d MMM"
                },
                "Md": {
                  "M": "dd/MM – dd/MM",
                  "d": "dd/MM – dd/MM"
                },
                "d": {
                  "d": "d–d"
                },
                "h": {
                  "a": "h a – h a",
                  "h": "h–h a"
                },
                "hm": {
                  "a": "h:mm a – h:mm a",
                  "h": "h:mm–h:mm a",
                  "m": "h:mm–h:mm a"
                },
                "hmv": {
                  "a": "h:mm a – h:mm a v",
                  "h": "h:mm–h:mm a v",
                  "m": "h:mm–h:mm a v"
                },
                "hv": {
                  "a": "h a – h a v",
                  "h": "h–h a v"
                },
                "y": {
                  "y": "y-y G"
                },
                "yM": {
                  "M": "MM/y – MM/y GGGGG",
                  "y": "MM/y – MM/y GGGGG"
                },
                "yMEd": {
                  "M": "E, dd/MM/y – E, dd/MM/y GGGGG",
                  "d": "E, dd/MM/y – E, dd/MM/y GGGGG",
                  "y": "E, dd/MM/y – E, dd/MM/y GGGGG"
                },
                "yMMM": {
                  "M": "MMM–MMM y G",
                  "y": "MMM y – MMM y G"
                },
                "yMMMEd": {
                  "M": "E, d MMM – E, d MMM y G",
                  "d": "E, d – E, d MMM y G",
                  "y": "E, d MMM y – E, d MMM y G"
                },
                "yMMMM": {
                  "M": "MMMM–MMMM y G",
                  "y": "MMMM y – MMMM y G"
                },
                "yMMMd": {
                  "M": "d MMM – d MMM y G",
                  "d": "d–d MMM y G",
                  "y": "d MMM y – d MMM y G"
                },
                "yMd": {
                  "M": "dd/MM/y – dd/MM/y GGGGG",
                  "d": "dd/MM/y – dd/MM/y GGGGG",
                  "y": "dd/MM/y – dd/MM/y GGGGG"
                }
              }
            }
          }
        }
      }
    }
  }
}
