{
  "main": {
    "es": {
      "identity": {
        "version": {
          "_cldrVersion": "26",
          "_number": "$Revision: 10809 $"
        },
        "generation": {
          "_date": "$Date: 2014-08-14 15:10:07 -0500 (Thu, 14 Aug 2014) $"
        },
        "language": "es"
      },
      "dates": {
        "calendars": {
          "indian": {
            "months": {
              "format": {
                "abbreviated": {
                  "1": "Chaitra",
                  "2": "Vaisakha",
                  "3": "Jyaistha",
                  "4": "Asadha",
                  "5": "Sravana",
                  "6": "Bhadra",
                  "7": "Asvina",
                  "8": "Kartika",
                  "9": "Agrahayana",
                  "10": "Pausa",
                  "11": "Magha",
                  "12": "Phalguna"
                },
                "narrow": {
                  "1": "1",
                  "2": "2",
                  "3": "3",
                  "4": "4",
                  "5": "5",
                  "6": "6",
                  "7": "7",
                  "8": "8",
                  "9": "9",
                  "10": "10",
                  "11": "11",
                  "12": "12"
                },
                "wide": {
                  "1": "Chaitra",
                  "2": "Vaisakha",
                  "3": "Jyaistha",
                  "4": "Asadha",
                  "5": "Sravana",
                  "6": "Bhadra",
                  "7": "Asvina",
                  "8": "Kartika",
                  "9": "Agrahayana",
                  "10": "Pausa",
                  "11": "Magha",
                  "12": "Phalguna"
                }
              },
              "stand-alone": {
                "abbreviated": {
                  "1": "Chaitra",
                  "2": "Vaisakha",
                  "3": "Jyaistha",
                  "4": "Asadha",
                  "5": "Sravana",
                  "6": "Bhadra",
                  "7": "Asvina",
                  "8": "Kartika",
                  "9": "Agrahayana",
                  "10": "Pausa",
                  "11": "Magha",
                  "12": "Phalguna"
                },
                "narrow": {
                  "1": "1",
                  "2": "2",
                  "3": "3",
                  "4": "4",
                  "5": "5",
                  "6": "6",
                  "7": "7",
                  "8": "8",
                  "9": "9",
                  "10": "10",
                  "11": "11",
                  "12": "12"
                },
                "wide": {
                  "1": "Chaitra",
                  "2": "Vaisakha",
                  "3": "Jyaistha",
                  "4": "Asadha",
                  "5": "Sravana",
                  "6": "Bhadra",
                  "7": "Asvina",
                  "8": "Kartika",
                  "9": "Agrahayana",
                  "10": "Pausa",
                  "11": "Magha",
                  "12": "Phalguna"
                }
              }
            },
            "days": {
              "format": {
                "abbreviated": {
                  "sun": "dom.",
                  "mon": "lun.",
                  "tue": "mar.",
                  "wed": "mié.",
                  "thu": "jue.",
                  "fri": "vie.",
                  "sat": "sáb."
                },
                "narrow": {
                  "sun": "D",
                  "mon": "L",
                  "tue": "M",
                  "wed": "X",
                  "thu": "J",
                  "fri": "V",
                  "sat": "S"
                },
                "short": {
                  "sun": "DO",
                  "mon": "LU",
                  "tue": "MA",
                  "wed": "MI",
                  "thu": "JU",
                  "fri": "VI",
                  "sat": "SA"
                },
                "wide": {
                  "sun": "domingo",
                  "mon": "lunes",
                  "tue": "martes",
                  "wed": "miércoles",
                  "thu": "jueves",
                  "fri": "viernes",
                  "sat": "sábado"
                }
              },
              "stand-alone": {
                "abbreviated": {
                  "sun": "Dom.",
                  "mon": "Lun.",
                  "tue": "Mar.",
                  "wed": "Mié.",
                  "thu": "Jue.",
                  "fri": "Vie.",
                  "sat": "Sáb."
                },
                "narrow": {
                  "sun": "D",
                  "mon": "L",
                  "tue": "M",
                  "wed": "X",
                  "thu": "J",
                  "fri": "V",
                  "sat": "S"
                },
                "short": {
                  "sun": "DO",
                  "mon": "LU",
                  "tue": "MA",
                  "wed": "MI",
                  "thu": "JU",
                  "fri": "VI",
                  "sat": "SA"
                },
                "wide": {
                  "sun": "Domingo",
                  "mon": "Lunes",
                  "tue": "Martes",
                  "wed": "Miércoles",
                  "thu": "Jueves",
                  "fri": "Viernes",
                  "sat": "Sábado"
                }
              }
            },
            "quarters": {
              "format": {
                "abbreviated": {
                  "1": "T1",
                  "2": "T2",
                  "3": "T3",
                  "4": "T4"
                },
                "narrow": {
                  "1": "1T",
                  "2": "2T",
                  "3": "3T",
                  "4": "4T"
                },
                "wide": {
                  "1": "1.er trimestre",
                  "2": "2.º trimestre",
                  "3": "3.er trimestre",
                  "4": "4.º trimestre"
                }
              },
              "stand-alone": {
                "abbreviated": {
                  "1": "T1",
                  "2": "T2",
                  "3": "T3",
                  "4": "T4"
                },
                "narrow": {
                  "1": "1T",
                  "2": "2T",
                  "3": "3T",
                  "4": "4T"
                },
                "wide": {
                  "1": "1.er trimestre",
                  "2": "2.º trimestre",
                  "3": "3.er trimestre",
                  "4": "4.º trimestre"
                }
              }
            },
            "dayPeriods": {
              "format": {
                "abbreviated": {
                  "am": "a. m.",
                  "noon": "mediodía",
                  "pm": "p. m."
                },
                "narrow": {
                  "am": "a.m.",
                  "noon": "m.",
                  "pm": "p.m."
                },
                "wide": {
                  "am": "a. m.",
                  "noon": "mediodía",
                  "pm": "p. m."
                }
              },
              "stand-alone": {
                "abbreviated": {
                  "am": "a. m.",
                  "noon": "mediodía",
                  "pm": "p. m."
                },
                "narrow": {
                  "am": "a.m.",
                  "noon": "m.",
                  "pm": "p.m."
                },
                "wide": {
                  "am": "a. m.",
                  "noon": "mediodía",
                  "pm": "p. m."
                }
              }
            },
            "eras": {
              "eraNames": {
                "0": "Saka"
              },
              "eraAbbr": {
                "0": "Saka"
              },
              "eraNarrow": {
                "0": "Saka"
              }
            },
            "dateFormats": {
              "full": "EEEE, d 'de' MMMM 'de' y G",
              "long": "d 'de' MMMM 'de' y G",
              "medium": "dd/MM/y G",
              "short": "dd/MM/yy GGGGG"
            },
            "timeFormats": {
              "full": "H:mm:ss (zzzz)",
              "long": "H:mm:ss z",
              "medium": "H:mm:ss",
              "short": "H:mm"
            },
            "dateTimeFormats": {
              "full": "{1}, {0}",
              "long": "{1}, {0}",
              "medium": "{1} {0}",
              "short": "{1} {0}",
              "availableFormats": {
                "E": "ccc",
                "EHm": "E HH:mm",
                "EHms": "E HH:mm:ss",
                "Ed": "E d",
                "Ehm": "E h:mm a",
                "Ehms": "E h:mm:ss a",
                "Gy": "y G",
                "GyMMM": "MMM y G",
                "GyMMMEd": "E, d 'de' MMMM 'de' y G",
                "GyMMMd": "d MMM y G",
                "H": "HH",
                "Hm": "HH:mm",
                "Hms": "HH:mm:ss",
                "M": "L",
                "MEd": "E, d/M",
                "MMM": "LLL",
                "MMMEd": "E, d MMM",
                "MMMMd": "d 'de' MMMM",
                "MMMd": "d MMM",
                "MMMdd": "dd-MMM",
                "Md": "d/M",
                "d": "d",
                "h": "hh a",
                "hm": "hh:mm a",
                "hms": "hh:mm:ss a",
                "ms": "mm:ss",
                "y": "y G",
                "yyyy": "y G",
                "yyyyM": "M/y GGGGG",
                "yyyyMEd": "E, d/M/y GGGGG",
                "yyyyMMM": "MMM 'de' y G",
                "yyyyMMMEd": "E, d 'de' MMMM 'de' y G",
                "yyyyMMMM": "MMMM 'de' y G",
                "yyyyMMMd": "d 'de' MMM 'de' y G",
                "yyyyMd": "d/M/y GGGGG",
                "yyyyQQQ": "QQQ y G",
                "yyyyQQQQ": "QQQQ 'de' y G"
              },
              "appendItems": {
                "Day": "{0} ({2}: {1})",
                "Day-Of-Week": "{0} {1}",
                "Era": "{1} {0}",
                "Hour": "{0} ({2}: {1})",
                "Minute": "{0} ({2}: {1})",
                "Month": "{0} ({2}: {1})",
                "Quarter": "{0} ({2}: {1})",
                "Second": "{0} ({2}: {1})",
                "Timezone": "{0} {1}",
                "Week": "{0} ({2}: {1})",
                "Year": "{1} {0}"
              },
              "intervalFormats": {
                "intervalFormatFallback": "{0}–{1}",
                "H": {
                  "H": "HH–HH"
                },
                "Hm": {
                  "H": "HH:mm – HH:mm",
                  "m": "HH:mm – HH:mm"
                },
                "Hmv": {
                  "H": "HH:mm – HH:mm v",
                  "m": "HH:mm – HH:mm v"
                },
                "Hv": {
                  "H": "HH–HH v"
                },
                "M": {
                  "M": "M–M"
                },
                "MEd": {
                  "M": "E, d/M–E, d/M",
                  "d": "E, d/M–E, d/M"
                },
                "MMM": {
                  "M": "MMM–MMM"
                },
                "MMMEd": {
                  "M": "E, d 'de' MMM–E, d 'de' MMM",
                  "d": "E, d 'de' MMM–E, d 'de' MMM"
                },
                "MMMd": {
                  "M": "d 'de' MMM–d 'de' MMM",
                  "d": "d-d 'de' MMM"
                },
                "Md": {
                  "M": "d/M–d/M",
                  "d": "d/M–d/M"
                },
                "d": {
                  "d": "d–d"
                },
                "h": {
                  "a": "h a – h a",
                  "h": "h–h a"
                },
                "hm": {
                  "a": "h:mm a – h:mm a",
                  "h": "h:mm – h:mm a",
                  "m": "h:mm – h:mm a"
                },
                "hmv": {
                  "a": "h:mm a – h:mm a v",
                  "h": "h:mm – h:mm a v",
                  "m": "h:mm – h:mm a v"
                },
                "hv": {
                  "a": "h a – h a v",
                  "h": "h–h a v"
                },
                "y": {
                  "y": "y–y G"
                },
                "yM": {
                  "M": "M/y–M/y G",
                  "y": "M/y–M/y G"
                },
                "yMEd": {
                  "M": "E, d/M/y–E, d/M/y G",
                  "d": "E, d/M/y–E, d/M/y G",
                  "y": "E, d/M/y–E, d/M/y G"
                },
                "yMMM": {
                  "M": "MMM–MMM 'de' y G",
                  "y": "MMM 'de' y–MMM 'de' y G"
                },
                "yMMMEd": {
                  "M": "E, d 'de' MMM–E, d 'de' MMM 'de' y G",
                  "d": "E, d 'de' MMM–E, d 'de' MMM 'de' y G",
                  "y": "E, d 'de' MMM 'de' y–E, d 'de' MMM 'de' y G"
                },
                "yMMMM": {
                  "M": "MMMM–MMMM 'de' y G",
                  "y": "MMMM 'de' y–MMMM 'de' y G"
                },
                "yMMMd": {
                  "M": "d 'de' MMM–d 'de' MMM y G",
                  "d": "d–d 'de' MMM 'de' y G",
                  "y": "d 'de' MMM 'de' y–d 'de' MMM 'de' y G"
                },
                "yMd": {
                  "M": "d/M/y–d/M/y G",
                  "d": "d/M/y–d/M/y G",
                  "y": "d/M/y–d/M/y G"
                }
              }
            }
          }
        }
      }
    }
  }
}
