{
  "main": {
    "ar": {
      "identity": {
        "version": {
          "_cldrVersion": "26",
          "_number": "$Revision: 10809 $"
        },
        "generation": {
          "_date": "$Date: 2014-08-14 15:10:07 -0500 (Thu, 14 Aug 2014) $"
        },
        "language": "ar"
      },
      "localeDisplayNames": {
        "transformNames": {
          "BGN": "بي جي إن",
          "Numeric": "رقمي",
          "Tone": "أسلوب",
          "UNGEGN": "يو إن جي إي جي إن",
          "x-Accents": "اللكنات",
          "x-Fullwidth": "عرض كامل",
          "x-Halfwidth": "نصف العرض",
          "x-Jamo": "جامو",
          "x-Pinyin": "بن يين",
          "x-Publishing": "نشر"
        }
      }
    }
  }
}
