{
  "main": {
    "am-ET": {
      "identity": {
        "version": {
          "_cldrVersion": "26",
          "_number": "$Revision: 10669 $"
        },
        "generation": {
          "_date": "$Date: 2014-07-23 16:10:33 -0500 (Wed, 23 Jul 2014) $"
        },
        "language": "am",
        "territory": "ET"
      },
      "localeDisplayNames": {
        "localeDisplayPattern": {
          "localePattern": "{0} ({1})",
          "localeSeparator": "{0},{1}",
          "localeKeyTypePattern": "{0}: {1}"
        },
        "keys": {
          "calendar": "የቀን አቆጣጠር",
          "colAlternate": "የምልክቶች ድርደራ ችላ በለው",
          "colBackwards": "የኋሊዮሽ የፊደል ጭረት ድርደራ",
          "colCaseFirst": "የአቢይ/ንዑስ ሆሄ ቅደም ተከተል",
          "colCaseLevel": "የመልከፊደል ትብ ድርደራ",
          "colHiraganaQuaternary": "የካና ድርደራ",
          "colNormalization": "መደበኛ ድርደራ",
          "colNumeric": "የቁጥር ድርደራ",
          "colStrength": "የድርደራ አቅም",
          "collation": "አቀማመጥ ደርድር",
          "currency": "ገንዘብ",
          "numbers": "ቁጥሮች",
          "timezone": "የሰዓት ሰቅ",
          "va": "የአካባቢ አይነት",
          "variableTop": "እንደምልክቶች ደርድር",
          "x": "ለግል ጥቅም"
        },
        "types": {
          "numbers": {
            "arab": "የአረቢክ-ኢንዲክ አሃዞች",
            "arabext": "የተራዘሙ የአረቢክ-ኢንዲክ አሃዞች",
            "armn": "የአርመንኛ ቁጥሮች",
            "armnlow": "የአሜሪካን ንዑስ ሆሄ አሃዞች",
            "bali": "bali",
            "beng": "የቤንጋሊ አሃዞች"
          },
          "collation": {
            "big5han": "የባህላዊ ቻይንኛ የድርድር ቅደም ተከተል - ትልቅ5"
          },
          "numbers": {
            "brah": "brah"
          },
          "calendar": {
            "buddhist": "የቡዲስት ቀን አቆጣጠር"
          },
          "numbers": {
            "cakm": "cakm",
            "cham": "cham"
          },
          "calendar": {
            "chinese": "የቻይና የቀን አቆጣጠር",
            "coptic": "የኮፕቲክ የቀን አቆጣጠር",
            "dangi": "የዳንጊ የቀን አቆጣጠር"
          },
          "numbers": {
            "deva": "የዴቫንጋሪ አሃዞች"
          },
          "collation": {
            "dictionary": "የመዝገበ ቃላት የድርድር ቅደም ተከተል",
            "ducet": "የነባሪ ዩኒኮድ የድርድር ቅደም ተከተል",
            "eor": "eor"
          },
          "numbers": {
            "ethi": "የኢትዮፒክ ቁጥሮች"
          },
          "calendar": {
            "ethiopic": "የኢትዮጵያ የቀን አቆጣጠር",
            "ethiopic-amete-alem": "የኢትዮፒክ አመተ አለም የቀን አቆጣጠር"
          },
          "numbers": {
            "finance": "የፋይናንስ ቁጥሮች",
            "fullwide": "የሙሉ ወርድ አሃዞች"
          },
          "collation": {
            "gb2312han": "የቀለለ የቻይንኛ የድርደራ ቅደም ተከተል - GB2312"
          },
          "numbers": {
            "geor": "የጆርጂያን ቁጥሮች"
          },
          "calendar": {
            "gregorian": "የግሪጎሪያን ቀን አቆጣጠር"
          },
          "numbers": {
            "grek": "የግሪክ ቁጥሮች",
            "greklow": "የግሪክ ንዑስ ሆሄ ቁጥሮች",
            "gujr": "የጉጃራቲ አሃዞች",
            "guru": "የጉርሙኪ አሃዞች",
            "hanidec": "የቻይንኛ አስርዮሽ ቁጥሮች",
            "hans": "ቀለል ያሉ የቻይንኛ ቁጥሮች",
            "hansfin": "ቀለል ያሉ የቻይንኛ ገንዘብ ነክ ቁጥሮች",
            "hant": "የባህላዊ ቻይንኛ ቁጥሮች",
            "hantfin": "የባህላዊ ቻይንኛ የገንዘብ ነክ ቁጥሮች",
            "hebr": "የእብራይስጥ ቁጥሮች"
          },
          "calendar": {
            "hebrew": "የእብራዊያን የቀን አቆጣጠር"
          },
          "colStrength": {
            "identical": "ሁሉንም ደርድር"
          },
          "calendar": {
            "indian": "የህንድ ብሔራዊ የቀን አቆጣጠር",
            "islamic": "የእስላማዊ የሰዓት አቆጣጠር",
            "islamic-civil": "የእስላም ህዝባዊ የቀን አቆጣጠር",
            "islamic-rgsa": "islamic-rgsa",
            "islamic-tbla": "islamic-tbla",
            "islamic-umalqura": "islamic-umalqura",
            "iso8601": "ISO-8601 የቀን አቆጣጠር",
            "japanese": "የጃፓን የቀን አቆጣጠር"
          },
          "numbers": {
            "java": "java",
            "jpan": "የጃፓንኛ ቁጥሮች",
            "jpanfin": "የጃፓንኛ የገንዘብ ነክ ቁጥሮች",
            "kali": "kali",
            "khmr": "የክህመር አሃዞች",
            "knda": "የካንአዳ አሃዞች",
            "lana": "lana",
            "lanatham": "lanatham",
            "laoo": "የላኦ አሃዞች",
            "latn": "የምስራቃዊ አሃዞች",
            "lepc": "lepc",
            "limb": "limb"
          },
          "colCaseFirst": {
            "lower": "ንዑስ ሆሄ መጀመሪያ ደርድር"
          },
          "numbers": {
            "mlym": "የማላያላምኛ አሃዞች",
            "mong": "የሞንጎልኛ አሃዞች",
            "mtei": "mtei",
            "mymr": "የማያንማር አሃዞች",
            "mymrshan": "mymrshan",
            "native": "ትውልድ አሃዞች",
            "nkoo": "nkoo"
          },
          "colBackwards": {
            "no": "የፊደል ጭረቶችን እንደመደበኛ ደርድር"
          },
          "colCaseFirst": {
            "no": "መደበኛ የመልከፊደል አቀማመጥ ደርድር"
          },
          "colCaseLevel": {
            "no": "ያለመልከፊደል ትብ ደርድር"
          },
          "colHiraganaQuaternary": {
            "no": "ካና ለይተህ ደርድር"
          },
          "colNormalization": {
            "no": "ያለመደበኛ ሁኔታ ደርድር"
          },
          "colNumeric": {
            "no": "አሃዞችን በየግል ደርድር"
          },
          "colAlternate": {
            "non-ignorable": "ምልክቶችን ደርድር"
          },
          "numbers": {
            "olck": "olck",
            "orya": "የኦሪያኛ አሃዞች",
            "osma": "osma"
          },
          "calendar": {
            "persian": "የፐርሽያ የቀን አቆጣጠር"
          },
          "collation": {
            "phonebook": "የስልክ ደብተር ድርድር ቅደም ተከተል",
            "phonetic": "የፎነቲክ ድርደራ ቅደም ተከተል",
            "pinyin": "ፒንይን የድርድር ቅደም ተከተል"
          },
          "colStrength": {
            "primary": "የመሠረት ፊደላት ብቻ ደርድር",
            "quaternary": "የፊደል ጭረቶች/መልከፊደል/ስፋት/ካና ደርድር"
          },
          "collation": {
            "reformed": "ዳግም የተፈጠረ የድርድር ቅደም ተከተል"
          },
          "calendar": {
            "roc": "የሚንጉ የቀን አቆጣጠር"
          },
          "numbers": {
            "roman": "የሮማን ቁጥሮች",
            "romanlow": "የሮማን ንዑስ ሆሄ ቁጥሮች",
            "saur": "saur"
          },
          "collation": {
            "search": "ለጠቅላላ ጉዳይ ፍለጋ",
            "searchjl": "በሃንጉል የመጀመሪያ ተነባቢ ፈልግ"
          },
          "colStrength": {
            "secondary": "የፊደል ጭረቶችን ደርድር"
          },
          "colAlternate": {
            "shifted": "ችላ ባይ ምልክቶችን ደርድር"
          },
          "numbers": {
            "shrd": "shrd",
            "sora": "sora"
          },
          "collation": {
            "standard": "መደበኛ",
            "stroke": "የበትር ድርድር ቅደም ተከተል"
          },
          "numbers": {
            "sund": "sund",
            "takr": "takr",
            "talu": "talu",
            "taml": "ባህላዊ የታሚል ቁጥሮች",
            "tamldec": "የታሚል አሃዞች",
            "telu": "የተልጉ አሃዞች"
          },
          "colStrength": {
            "tertiary": "የፊደል ጭረቶች/መልከፊደል/ስፋት ደርድር"
          },
          "numbers": {
            "thai": "የታይ አሃዞች",
            "tibt": "የቲቤታን አሃዞች"
          },
          "collation": {
            "traditional": "ባህላዊ የድርድር ቅደም ተከተል"
          },
          "numbers": {
            "traditional": "ተለምዷዊ ቁጥሮች"
          },
          "collation": {
            "unihan": "የመሰረታዊ በትር ድርድር ቅደም ተከተል"
          },
          "colCaseFirst": {
            "upper": "አቢይ ሆሄ መጀመሪያ ደርድር"
          },
          "numbers": {
            "vaii": "የቫይ አሃዞች"
          },
          "colBackwards": {
            "yes": "የፊደል ጭረቶች በኋሊዮሽ ደርድር"
          },
          "colCaseLevel": {
            "yes": "በመልከፊደል ትብ ደርድር"
          },
          "colHiraganaQuaternary": {
            "yes": "ካና ለይተህ ደርድር"
          },
          "colNormalization": {
            "yes": "ዩኒኮድ በመደበኛ ሁኔታ ደርድር"
          },
          "colNumeric": {
            "yes": "አሃዞች በቁጥር ደርድር"
          },
          "collation": {
            "zhuyin": "zhuyin"
          }
        },
        "codePatterns": {
          "language": "{0}",
          "script": "{0}",
          "territory": "{0}"
        }
      }
    }
  }
}
