{
  "main": {
    "am-ET": {
      "identity": {
        "version": {
          "_cldrVersion": "26",
          "_number": "$Revision: 10669 $"
        },
        "generation": {
          "_date": "$Date: 2014-07-23 16:10:33 -0500 (Wed, 23 Jul 2014) $"
        },
        "language": "am",
        "territory": "ET"
      },
      "localeDisplayNames": {
        "measurementSystemNames": {
          "US": "ዩ ኤስ",
          "metric": "ሜትሪክ",
          "UK": "ዩኬ"
        }
      }
    }
  }
}
