{
  "main": {
    "am-ET": {
      "identity": {
        "version": {
          "_cldrVersion": "26",
          "_number": "$Revision: 10669 $"
        },
        "generation": {
          "_date": "$Date: 2014-07-23 16:10:33 -0500 (Wed, 23 Jul 2014) $"
        },
        "language": "am",
        "territory": "ET"
      },
      "units": {
        "long": {
          "per": {
            "compoundUnitPattern": "{0} በ{1}"
          },
          "acceleration-g-force": {
            "displayName": "ጂ-ኃይል",
            "unitPattern-count-one": "{0} ጂ-ኃይል",
            "unitPattern-count-other": "{0} ጂ-ኃይል"
          },
          "acceleration-meter-per-second-squared": {
            "displayName": "m/s²",
            "unitPattern-count-one": "{0} m/s²",
            "unitPattern-count-other": "{0} m/s²"
          },
          "angle-arc-minute": {
            "displayName": "ደቂቃ",
            "unitPattern-count-one": "{0} ደቂቃ",
            "unitPattern-count-other": "{0} ደቂቃ"
          },
          "angle-arc-second": {
            "displayName": "ሰከንድ",
            "unitPattern-count-one": "{0} ሰከንድ",
            "unitPattern-count-other": "{0} ሰከንድ"
          },
          "angle-degree": {
            "displayName": "ዲግሪ",
            "unitPattern-count-one": "{0} ዲግሪ",
            "unitPattern-count-other": "{0} ዲግሪ"
          },
          "angle-radian": {
            "displayName": "rad",
            "unitPattern-count-one": "{0} rad",
            "unitPattern-count-other": "{0} rad"
          },
          "area-acre": {
            "displayName": "ኤክር",
            "unitPattern-count-one": "{0} ኤክር",
            "unitPattern-count-other": "{0} ኤክር"
          },
          "area-hectare": {
            "displayName": "ሄክታር",
            "unitPattern-count-one": "{0} ሄክታር",
            "unitPattern-count-other": "{0} ሄክታር"
          },
          "area-square-centimeter": {
            "displayName": "cm²",
            "unitPattern-count-one": "{0} cm²",
            "unitPattern-count-other": "{0} cm²"
          },
          "area-square-foot": {
            "displayName": "ካሬ ጫማ",
            "unitPattern-count-one": "{0} ካሬ ጫማ",
            "unitPattern-count-other": "{0} ካሬ ጫማ"
          },
          "area-square-inch": {
            "displayName": "in²",
            "unitPattern-count-one": "{0} in²",
            "unitPattern-count-other": "{0} in²"
          },
          "area-square-kilometer": {
            "displayName": "ካሬ ኪሎሜትር",
            "unitPattern-count-one": "{0} ካሬ ኪሎሜትር",
            "unitPattern-count-other": "{0} ካሬ ኪሎሜትር"
          },
          "area-square-meter": {
            "displayName": "ካሬ ሜትር",
            "unitPattern-count-one": "{0} ካሬ ሜትር",
            "unitPattern-count-other": "{0} ካሬ ሜትር"
          },
          "area-square-mile": {
            "displayName": "ካሬ ማይል",
            "unitPattern-count-one": "{0} ካሬ ማይል",
            "unitPattern-count-other": "{0} ካሬ ማይል"
          },
          "area-square-yard": {
            "displayName": "yd²",
            "unitPattern-count-one": "{0} yd²",
            "unitPattern-count-other": "{0} yd²"
          },
          "consumption-liter-per-kilometer": {
            "displayName": "ሊ/ኪሜ",
            "unitPattern-count-one": "{0} ሊ/ኪሜ",
            "unitPattern-count-other": "{0} ሊ/ኪሜ"
          },
          "consumption-mile-per-gallon": {
            "displayName": "mpg",
            "unitPattern-count-one": "{0} mpg",
            "unitPattern-count-other": "{0} mpg"
          },
          "digital-bit": {
            "displayName": "ቢት",
            "unitPattern-count-one": "{0} ቢት",
            "unitPattern-count-other": "{0} ቢት"
          },
          "digital-byte": {
            "displayName": "ባይት",
            "unitPattern-count-one": "{0} ባይት",
            "unitPattern-count-other": "{0} ባይት"
          },
          "digital-gigabit": {
            "displayName": "ጊባይት",
            "unitPattern-count-one": "{0} ጊባይት",
            "unitPattern-count-other": "{0} ጊባይት"
          },
          "digital-gigabyte": {
            "displayName": "ጊባ",
            "unitPattern-count-one": "{0} ጊባ",
            "unitPattern-count-other": "{0} ጊባ"
          },
          "digital-kilobit": {
            "displayName": "ኪባይት",
            "unitPattern-count-one": "{0} ኪባይት",
            "unitPattern-count-other": "{0} ኪባይት"
          },
          "digital-kilobyte": {
            "displayName": "ኪባ",
            "unitPattern-count-one": "{0} ኪባ",
            "unitPattern-count-other": "{0} ኪባ"
          },
          "digital-megabit": {
            "displayName": "ሜባ",
            "unitPattern-count-one": "{0} ሜባ",
            "unitPattern-count-other": "{0} ሜባ"
          },
          "digital-megabyte": {
            "displayName": "ሜባይት",
            "unitPattern-count-one": "{0} ሜባይት",
            "unitPattern-count-other": "{0} ሜባይት"
          },
          "digital-terabit": {
            "displayName": "ቴባ",
            "unitPattern-count-one": "{0} ቴባ",
            "unitPattern-count-other": "{0} ቴባ"
          },
          "digital-terabyte": {
            "displayName": "ቴባይት",
            "unitPattern-count-one": "{0} ቴባይት",
            "unitPattern-count-other": "{0} ቴባይት"
          },
          "duration-day": {
            "displayName": "ቀናት",
            "unitPattern-count-one": "{0} ቀናት",
            "unitPattern-count-other": "{0} ቀናት"
          },
          "duration-hour": {
            "displayName": "ሰዓቶች",
            "unitPattern-count-one": "{0} ሰዓት",
            "unitPattern-count-other": "{0} ሰዓቶች",
            "perUnitPattern": "{0}/ሰ"
          },
          "duration-microsecond": {
            "displayName": "ማይክሮሰከንድ",
            "unitPattern-count-one": "{0} ማይክሮሰከንድ",
            "unitPattern-count-other": "{0} ማይክሮሰከንድ"
          },
          "duration-millisecond": {
            "displayName": "ሚሊሰከንድ",
            "unitPattern-count-one": "{0} ሚሊሰከንድ",
            "unitPattern-count-other": "{0} ሚሊሰከንድ"
          },
          "duration-minute": {
            "displayName": "ደቂቃዎች",
            "unitPattern-count-one": "{0} ደቂቃ",
            "unitPattern-count-other": "{0} ደቂቃዎች"
          },
          "duration-month": {
            "displayName": "ወራት",
            "unitPattern-count-one": "{0} ወር",
            "unitPattern-count-other": "{0} ወራት"
          },
          "duration-nanosecond": {
            "displayName": "ናኖሰከንድ",
            "unitPattern-count-one": "{0} ናኖሰከንድ",
            "unitPattern-count-other": "{0} ናኖሰከንድ"
          },
          "duration-second": {
            "displayName": "ሰከንዶች",
            "unitPattern-count-one": "{0} ሰከንድ",
            "unitPattern-count-other": "{0} ሰከንዶች",
            "perUnitPattern": "{0}/ሰከ"
          },
          "duration-week": {
            "displayName": "ሳምንታት",
            "unitPattern-count-one": "{0} ሳምንት",
            "unitPattern-count-other": "{0} ሳምንታት"
          },
          "duration-year": {
            "displayName": "ዓመታት",
            "unitPattern-count-one": "{0} ዓመታት",
            "unitPattern-count-other": "{0} ዓመታት"
          },
          "electric-ampere": {
            "displayName": "amp",
            "unitPattern-count-one": "{0} A",
            "unitPattern-count-other": "{0} A"
          },
          "electric-milliampere": {
            "displayName": "mA",
            "unitPattern-count-one": "{0} mA",
            "unitPattern-count-other": "{0} mA"
          },
          "electric-ohm": {
            "displayName": "ohm",
            "unitPattern-count-one": "{0} Ω",
            "unitPattern-count-other": "{0} Ω"
          },
          "electric-volt": {
            "displayName": "volt",
            "unitPattern-count-one": "{0} V",
            "unitPattern-count-other": "{0} V"
          },
          "energy-calorie": {
            "displayName": "cal",
            "unitPattern-count-one": "{0} cal",
            "unitPattern-count-other": "{0} cal"
          },
          "energy-foodcalorie": {
            "displayName": "Cal",
            "unitPattern-count-one": "{0} Cal",
            "unitPattern-count-other": "{0} Cal"
          },
          "energy-joule": {
            "displayName": "joule",
            "unitPattern-count-one": "{0} J",
            "unitPattern-count-other": "{0} J"
          },
          "energy-kilocalorie": {
            "displayName": "kcal",
            "unitPattern-count-one": "{0} kcal",
            "unitPattern-count-other": "{0} kcal"
          },
          "energy-kilojoule": {
            "displayName": "kJ",
            "unitPattern-count-one": "{0} kJ",
            "unitPattern-count-other": "{0} kJ"
          },
          "energy-kilowatt-hour": {
            "displayName": "kWh",
            "unitPattern-count-one": "{0} kWh",
            "unitPattern-count-other": "{0} kWh"
          },
          "frequency-gigahertz": {
            "displayName": "GHz",
            "unitPattern-count-one": "{0} GHz",
            "unitPattern-count-other": "{0} GHz"
          },
          "frequency-hertz": {
            "displayName": "Hz",
            "unitPattern-count-one": "{0} Hz",
            "unitPattern-count-other": "{0} Hz"
          },
          "frequency-kilohertz": {
            "displayName": "kHz",
            "unitPattern-count-one": "{0} kHz",
            "unitPattern-count-other": "{0} kHz"
          },
          "frequency-megahertz": {
            "displayName": "MHz",
            "unitPattern-count-one": "{0} MHz",
            "unitPattern-count-other": "{0} MHz"
          },
          "length-astronomical-unit": {
            "displayName": "au",
            "unitPattern-count-one": "{0} au",
            "unitPattern-count-other": "{0} au"
          },
          "length-centimeter": {
            "displayName": "ሴንቲሜትር",
            "unitPattern-count-one": "{0} ሴንቲሜትር",
            "unitPattern-count-other": "{0} ሴንቲሜትር"
          },
          "length-decimeter": {
            "displayName": "dm",
            "unitPattern-count-one": "{0} dm",
            "unitPattern-count-other": "{0} dm"
          },
          "length-fathom": {
            "displayName": "fm",
            "unitPattern-count-other": "{0} fm"
          },
          "length-foot": {
            "displayName": "ጫማ",
            "unitPattern-count-one": "{0} ጫማ",
            "unitPattern-count-other": "{0} ጫማ"
          },
          "length-furlong": {
            "displayName": "fur",
            "unitPattern-count-other": "{0} fur"
          },
          "length-inch": {
            "displayName": "ኢንች",
            "unitPattern-count-one": "{0} ኢንች",
            "unitPattern-count-other": "{0} ኢንች"
          },
          "length-kilometer": {
            "displayName": "ኪሎሜትር",
            "unitPattern-count-one": "{0} ኪሎሜትር",
            "unitPattern-count-other": "{0} ኪሎሜትር"
          },
          "length-light-year": {
            "displayName": "የብርሃን ዓመት",
            "unitPattern-count-one": "{0} የብርሃን ዓመት",
            "unitPattern-count-other": "{0} የብርሃን ዓመት"
          },
          "length-meter": {
            "displayName": "ሜትር",
            "unitPattern-count-one": "{0} ሜትር",
            "unitPattern-count-other": "{0} ሜትር"
          },
          "length-micrometer": {
            "displayName": "µm",
            "unitPattern-count-one": "{0} µm",
            "unitPattern-count-other": "{0} µm"
          },
          "length-mile": {
            "displayName": "ማይል",
            "unitPattern-count-one": "{0} ማይል",
            "unitPattern-count-other": "{0} ማይል"
          },
          "length-millimeter": {
            "displayName": "ሚሊሜትር",
            "unitPattern-count-one": "{0} ሚሊሜትር",
            "unitPattern-count-other": "{0} ሚሊሜትር"
          },
          "length-nanometer": {
            "displayName": "nm",
            "unitPattern-count-one": "{0} nm",
            "unitPattern-count-other": "{0} nm"
          },
          "length-nautical-mile": {
            "displayName": "nmi",
            "unitPattern-count-one": "{0} nmi",
            "unitPattern-count-other": "{0} nmi"
          },
          "length-parsec": {
            "displayName": "pc",
            "unitPattern-count-one": "{0} pc",
            "unitPattern-count-other": "{0} pc"
          },
          "length-picometer": {
            "displayName": "ፒኮሜትር",
            "unitPattern-count-one": "{0} ፒኮሜትር",
            "unitPattern-count-other": "{0} ፒኮሜትር"
          },
          "length-yard": {
            "displayName": "ያርድ",
            "unitPattern-count-one": "{0} ያርድ",
            "unitPattern-count-other": "{0} ያርድ"
          },
          "light-lux": {
            "displayName": "lx",
            "unitPattern-count-one": "{0} lx",
            "unitPattern-count-other": "{0} lx"
          },
          "mass-carat": {
            "displayName": "CD",
            "unitPattern-count-one": "{0} CD",
            "unitPattern-count-other": "{0} CD"
          },
          "mass-gram": {
            "displayName": "ግራም",
            "unitPattern-count-one": "{0} ግራም",
            "unitPattern-count-other": "{0} ግራም"
          },
          "mass-kilogram": {
            "displayName": "ኪሎግራም",
            "unitPattern-count-one": "{0} ኪሎግራም",
            "unitPattern-count-other": "{0} ኪሎግራም"
          },
          "mass-metric-ton": {
            "displayName": "t",
            "unitPattern-count-one": "{0} t",
            "unitPattern-count-other": "{0} t"
          },
          "mass-microgram": {
            "displayName": "µg",
            "unitPattern-count-one": "{0} µg",
            "unitPattern-count-other": "{0} µg"
          },
          "mass-milligram": {
            "displayName": "mg",
            "unitPattern-count-one": "{0} mg",
            "unitPattern-count-other": "{0} mg"
          },
          "mass-ounce": {
            "displayName": "አውንስ",
            "unitPattern-count-one": "{0} አውንስ",
            "unitPattern-count-other": "{0} አውንስ"
          },
          "mass-ounce-troy": {
            "displayName": "oz t",
            "unitPattern-count-one": "{0} oz t",
            "unitPattern-count-other": "{0} oz t"
          },
          "mass-pound": {
            "displayName": "ፓውንድ",
            "unitPattern-count-one": "{0} ፓውንድ",
            "unitPattern-count-other": "{0} ፓውንድ"
          },
          "mass-stone": {
            "displayName": "st",
            "unitPattern-count-other": "{0} st"
          },
          "mass-ton": {
            "displayName": "ቶን",
            "unitPattern-count-one": "{0} ቶን",
            "unitPattern-count-other": "{0} ቶን"
          },
          "power-gigawatt": {
            "displayName": "GW",
            "unitPattern-count-one": "{0} GW",
            "unitPattern-count-other": "{0} GW"
          },
          "power-horsepower": {
            "displayName": "የፈረስ ጉልበት",
            "unitPattern-count-one": "{0} የፈረስ ጉልበት",
            "unitPattern-count-other": "{0} የፈረስ ጉልበት"
          },
          "power-kilowatt": {
            "displayName": "ኪሎዋት",
            "unitPattern-count-one": "{0} ኪሎዋት",
            "unitPattern-count-other": "{0} ኪሎዋት"
          },
          "power-megawatt": {
            "displayName": "MW",
            "unitPattern-count-one": "{0} MW",
            "unitPattern-count-other": "{0} MW"
          },
          "power-milliwatt": {
            "displayName": "mW",
            "unitPattern-count-one": "{0} mW",
            "unitPattern-count-other": "{0} mW"
          },
          "power-watt": {
            "displayName": "ዋት",
            "unitPattern-count-one": "{0} ዋት",
            "unitPattern-count-other": "{0} ዋት"
          },
          "pressure-hectopascal": {
            "displayName": "ሄክቶፓስካል",
            "unitPattern-count-one": "{0} ሄክቶፓስካል",
            "unitPattern-count-other": "{0} ሄክቶፓስካል"
          },
          "pressure-inch-hg": {
            "displayName": "ኢንች ሜርኩሪ",
            "unitPattern-count-one": "{0} ኢንች ሜርኩሪ",
            "unitPattern-count-other": "{0} ኢንች ሜርኩሪ"
          },
          "pressure-millibar": {
            "displayName": "ሚሊባር",
            "unitPattern-count-one": "{0} ሚሊባር",
            "unitPattern-count-other": "{0} ሚሊባር"
          },
          "pressure-millimeter-of-mercury": {
            "displayName": "mm Hg",
            "unitPattern-count-one": "{0} mm Hg",
            "unitPattern-count-other": "{0} mm Hg"
          },
          "pressure-pound-per-square-inch": {
            "displayName": "psi",
            "unitPattern-count-one": "{0} psi",
            "unitPattern-count-other": "{0} psi"
          },
          "proportion-karat": {
            "displayName": "ካራት",
            "unitPattern-count-one": "{0} ካራት",
            "unitPattern-count-other": "{0} ካራት"
          },
          "speed-kilometer-per-hour": {
            "displayName": "ኪሎሜትር በሰዓት",
            "unitPattern-count-one": "{0} ኪሎሜትር በሰዓት",
            "unitPattern-count-other": "{0} ኪሎሜትር በሰዓት"
          },
          "speed-meter-per-second": {
            "displayName": "ሜትር በሰከንድ",
            "unitPattern-count-one": "{0} ሜትር በሰከንድ",
            "unitPattern-count-other": "{0} ሜትር በሰከንድ"
          },
          "speed-mile-per-hour": {
            "displayName": "ማይል በሰዓት",
            "unitPattern-count-one": "{0} ማይል በሰዓት",
            "unitPattern-count-other": "{0} ማይል በሰዓት"
          },
          "temperature-celsius": {
            "displayName": "ዲግሪ ሴልሺየስ",
            "unitPattern-count-one": "{0} ዲግሪ ሴልሺየስ",
            "unitPattern-count-other": "{0} ዲግሪ ሴልሺየስ"
          },
          "temperature-fahrenheit": {
            "displayName": "ዲግሪ ፋራንሃይት",
            "unitPattern-count-one": "{0} ዲግሪ ፋራንሃይት",
            "unitPattern-count-other": "{0} ዲግሪ ፋራንሃይት"
          },
          "temperature-kelvin": {
            "displayName": "K",
            "unitPattern-count-one": "{0} K",
            "unitPattern-count-other": "{0} K"
          },
          "volume-acre-foot": {
            "displayName": "ac ft",
            "unitPattern-count-one": "{0} ac ft",
            "unitPattern-count-other": "{0} ac ft"
          },
          "volume-bushel": {
            "displayName": "bu",
            "unitPattern-count-other": "{0} bu"
          },
          "volume-centiliter": {
            "displayName": "cL",
            "unitPattern-count-one": "{0} cL",
            "unitPattern-count-other": "{0} cL"
          },
          "volume-cubic-centimeter": {
            "displayName": "cm³",
            "unitPattern-count-one": "{0} cm³",
            "unitPattern-count-other": "{0} cm³"
          },
          "volume-cubic-foot": {
            "displayName": "ft³",
            "unitPattern-count-one": "{0} ft³",
            "unitPattern-count-other": "{0} ft³"
          },
          "volume-cubic-inch": {
            "displayName": "in³",
            "unitPattern-count-one": "{0} in³",
            "unitPattern-count-other": "{0} in³"
          },
          "volume-cubic-kilometer": {
            "displayName": "ኩቢክ ኪሎሜትር",
            "unitPattern-count-one": "{0} ኩቢክ ኪሎሜትር",
            "unitPattern-count-other": "{0} ኩቢክ ኪሎሜትር"
          },
          "volume-cubic-meter": {
            "displayName": "m³",
            "unitPattern-count-one": "{0} m³",
            "unitPattern-count-other": "{0} m³"
          },
          "volume-cubic-mile": {
            "displayName": "ኩቢክ ማይል",
            "unitPattern-count-one": "{0} ኩቢክ ማይል",
            "unitPattern-count-other": "{0} ኩቢክ ማይል"
          },
          "volume-cubic-yard": {
            "displayName": "yd³",
            "unitPattern-count-one": "{0} yd³",
            "unitPattern-count-other": "{0} yd³"
          },
          "volume-cup": {
            "displayName": "cup",
            "unitPattern-count-one": "{0} c",
            "unitPattern-count-other": "{0} c"
          },
          "volume-deciliter": {
            "displayName": "dL",
            "unitPattern-count-one": "{0} dL",
            "unitPattern-count-other": "{0} dL"
          },
          "volume-fluid-ounce": {
            "displayName": "fl oz",
            "unitPattern-count-one": "{0} fl oz",
            "unitPattern-count-other": "{0} fl oz"
          },
          "volume-gallon": {
            "displayName": "gal",
            "unitPattern-count-one": "{0} gal",
            "unitPattern-count-other": "{0} gal"
          },
          "volume-hectoliter": {
            "displayName": "hL",
            "unitPattern-count-one": "{0} hL",
            "unitPattern-count-other": "{0} hL"
          },
          "volume-liter": {
            "displayName": "ሊትር",
            "unitPattern-count-one": "{0} ሊትር",
            "unitPattern-count-other": "{0} ሊትር"
          },
          "volume-megaliter": {
            "displayName": "ML",
            "unitPattern-count-one": "{0} ML",
            "unitPattern-count-other": "{0} ML"
          },
          "volume-milliliter": {
            "displayName": "mL",
            "unitPattern-count-one": "{0} mL",
            "unitPattern-count-other": "{0} mL"
          },
          "volume-pint": {
            "displayName": "pt",
            "unitPattern-count-one": "{0} pt",
            "unitPattern-count-other": "{0} pt"
          },
          "volume-quart": {
            "displayName": "qt",
            "unitPattern-count-one": "{0} qt",
            "unitPattern-count-other": "{0} qt"
          },
          "volume-tablespoon": {
            "displayName": "tbsp",
            "unitPattern-count-one": "{0} tbsp",
            "unitPattern-count-other": "{0} tbsp"
          },
          "volume-teaspoon": {
            "displayName": "tsp",
            "unitPattern-count-one": "{0} tsp",
            "unitPattern-count-other": "{0} tsp"
          }
        },
        "short": {
          "per": {
            "compoundUnitPattern": "{0}/{1}"
          },
          "acceleration-g-force": {
            "displayName": "ጂ-ኃይል",
            "unitPattern-count-one": "{0} ጂ",
            "unitPattern-count-other": "{0} ጂ"
          },
          "acceleration-meter-per-second-squared": {
            "displayName": "m/s²",
            "unitPattern-count-one": "{0} m/s²",
            "unitPattern-count-other": "{0} m/s²"
          },
          "angle-arc-minute": {
            "displayName": "ደቂቃ",
            "unitPattern-count-one": "{0} ደቂቃ",
            "unitPattern-count-other": "{0} ደቂቃ"
          },
          "angle-arc-second": {
            "displayName": "ሰከንድ",
            "unitPattern-count-one": "{0} ሰከንድ",
            "unitPattern-count-other": "{0} ሰከንድ"
          },
          "angle-degree": {
            "displayName": "ዲግሪ",
            "unitPattern-count-one": "{0}°ዲግሪ",
            "unitPattern-count-other": "{0}°ዲግሪ"
          },
          "angle-radian": {
            "displayName": "rad",
            "unitPattern-count-one": "{0} rad",
            "unitPattern-count-other": "{0} rad"
          },
          "area-acre": {
            "displayName": "ኤክር",
            "unitPattern-count-one": "{0} ኤክር",
            "unitPattern-count-other": "{0} ኤክር"
          },
          "area-hectare": {
            "displayName": "ሄክታር",
            "unitPattern-count-one": "{0} ሄክታር",
            "unitPattern-count-other": "{0} ሄክታር"
          },
          "area-square-centimeter": {
            "displayName": "cm²",
            "unitPattern-count-one": "{0} cm²",
            "unitPattern-count-other": "{0} cm²"
          },
          "area-square-foot": {
            "displayName": "ካሬ ጫማ",
            "unitPattern-count-one": "{0} ካሬ ጫማ",
            "unitPattern-count-other": "{0} ካሬ ጫማ"
          },
          "area-square-inch": {
            "displayName": "in²",
            "unitPattern-count-one": "{0} in²",
            "unitPattern-count-other": "{0} in²"
          },
          "area-square-kilometer": {
            "displayName": "ካሬ ኪሎሜትር",
            "unitPattern-count-one": "{0} ኪሜ²",
            "unitPattern-count-other": "{0} ኪሜ²"
          },
          "area-square-meter": {
            "displayName": "ካሬ ሜትር",
            "unitPattern-count-one": "{0} ሜ²",
            "unitPattern-count-other": "{0} ሜ²"
          },
          "area-square-mile": {
            "displayName": "ካሬ ማይል",
            "unitPattern-count-one": "{0} ካሬ ማይል",
            "unitPattern-count-other": "{0} ካሬ ማይል"
          },
          "area-square-yard": {
            "displayName": "yd²",
            "unitPattern-count-one": "{0} yd²",
            "unitPattern-count-other": "{0} yd²"
          },
          "consumption-liter-per-kilometer": {
            "displayName": "ሊ/ኪሜ",
            "unitPattern-count-one": "{0} ሊ/ኪሜ",
            "unitPattern-count-other": "{0} ሊ/ኪሜ"
          },
          "consumption-mile-per-gallon": {
            "displayName": "mpg",
            "unitPattern-count-one": "{0} mpg",
            "unitPattern-count-other": "{0} mpg"
          },
          "digital-bit": {
            "displayName": "ቢት",
            "unitPattern-count-one": "{0} ቢት",
            "unitPattern-count-other": "{0} ቢት"
          },
          "digital-byte": {
            "displayName": "ባይት",
            "unitPattern-count-one": "{0} ባይት",
            "unitPattern-count-other": "{0} ባይት"
          },
          "digital-gigabit": {
            "displayName": "ጊባይት",
            "unitPattern-count-one": "{0} ጊባይት",
            "unitPattern-count-other": "{0} ጊባይት"
          },
          "digital-gigabyte": {
            "displayName": "ጊባ",
            "unitPattern-count-one": "{0} ጊባ",
            "unitPattern-count-other": "{0} ጊባ"
          },
          "digital-kilobit": {
            "displayName": "ኪባይት",
            "unitPattern-count-one": "{0} ኪባይት",
            "unitPattern-count-other": "{0} ኪባይት"
          },
          "digital-kilobyte": {
            "displayName": "ኪባ",
            "unitPattern-count-one": "{0} ኪባ",
            "unitPattern-count-other": "{0} ኪባ"
          },
          "digital-megabit": {
            "displayName": "ሜባ",
            "unitPattern-count-one": "{0} ሜባ",
            "unitPattern-count-other": "{0} ሜባ"
          },
          "digital-megabyte": {
            "displayName": "ሜባይት",
            "unitPattern-count-one": "{0} ሜባይት",
            "unitPattern-count-other": "{0} ሜባይት"
          },
          "digital-terabit": {
            "displayName": "ቴባ",
            "unitPattern-count-one": "{0} ቴባ",
            "unitPattern-count-other": "{0} ቴባ"
          },
          "digital-terabyte": {
            "displayName": "ቴባይት",
            "unitPattern-count-one": "{0} ቴባይት",
            "unitPattern-count-other": "{0} ቴባይት"
          },
          "duration-day": {
            "displayName": "ቀናት",
            "unitPattern-count-one": "{0} ቀናት",
            "unitPattern-count-other": "{0} ቀናት"
          },
          "duration-hour": {
            "displayName": "ሰዓቶች",
            "unitPattern-count-one": "{0} ሰዓ",
            "unitPattern-count-other": "{0} ሰዓ",
            "perUnitPattern": "{0}/ሰ"
          },
          "duration-microsecond": {
            "displayName": "ማይክሮሰከንድ",
            "unitPattern-count-one": "{0} ማይክሮሰከንድ",
            "unitPattern-count-other": "{0} ማይክሮሰከንድ"
          },
          "duration-millisecond": {
            "displayName": "ሚሊሰከንድ",
            "unitPattern-count-one": "{0} ሚሴ",
            "unitPattern-count-other": "{0} ሚሴ"
          },
          "duration-minute": {
            "displayName": "ደቂቃዎች",
            "unitPattern-count-one": "{0} ደቂ",
            "unitPattern-count-other": "{0} ደቂቃ"
          },
          "duration-month": {
            "displayName": "ወራት",
            "unitPattern-count-one": "{0} ወራት",
            "unitPattern-count-other": "{0} ወራት"
          },
          "duration-nanosecond": {
            "displayName": "ናኖሰከንድ",
            "unitPattern-count-one": "{0} ናኖሰከንድ",
            "unitPattern-count-other": "{0} ናኖሰከንድ"
          },
          "duration-second": {
            "displayName": "ሰከንዶች",
            "unitPattern-count-one": "{0} ሰከ",
            "unitPattern-count-other": "{0} ሰከ",
            "perUnitPattern": "{0}/ሰከ"
          },
          "duration-week": {
            "displayName": "ሳምንታት",
            "unitPattern-count-one": "{0} ሳምንት",
            "unitPattern-count-other": "{0} ሳምንታት"
          },
          "duration-year": {
            "displayName": "ዓመታት",
            "unitPattern-count-one": "{0} ዓመት",
            "unitPattern-count-other": "{0} ዓመታት"
          },
          "electric-ampere": {
            "displayName": "amp",
            "unitPattern-count-one": "{0} A",
            "unitPattern-count-other": "{0} A"
          },
          "electric-milliampere": {
            "displayName": "mA",
            "unitPattern-count-one": "{0} mA",
            "unitPattern-count-other": "{0} mA"
          },
          "electric-ohm": {
            "displayName": "ohm",
            "unitPattern-count-one": "{0} Ω",
            "unitPattern-count-other": "{0} Ω"
          },
          "electric-volt": {
            "displayName": "volt",
            "unitPattern-count-one": "{0} V",
            "unitPattern-count-other": "{0} V"
          },
          "energy-calorie": {
            "displayName": "cal",
            "unitPattern-count-one": "{0} cal",
            "unitPattern-count-other": "{0} cal"
          },
          "energy-foodcalorie": {
            "displayName": "Cal",
            "unitPattern-count-one": "{0} Cal",
            "unitPattern-count-other": "{0} Cal"
          },
          "energy-joule": {
            "displayName": "joule",
            "unitPattern-count-one": "{0} J",
            "unitPattern-count-other": "{0} J"
          },
          "energy-kilocalorie": {
            "displayName": "kcal",
            "unitPattern-count-one": "{0} kcal",
            "unitPattern-count-other": "{0} kcal"
          },
          "energy-kilojoule": {
            "displayName": "kJ",
            "unitPattern-count-one": "{0} kJ",
            "unitPattern-count-other": "{0} kJ"
          },
          "energy-kilowatt-hour": {
            "displayName": "kWh",
            "unitPattern-count-one": "{0} kWh",
            "unitPattern-count-other": "{0} kWh"
          },
          "frequency-gigahertz": {
            "displayName": "GHz",
            "unitPattern-count-one": "{0} GHz",
            "unitPattern-count-other": "{0} GHz"
          },
          "frequency-hertz": {
            "displayName": "Hz",
            "unitPattern-count-one": "{0} Hz",
            "unitPattern-count-other": "{0} Hz"
          },
          "frequency-kilohertz": {
            "displayName": "kHz",
            "unitPattern-count-one": "{0} kHz",
            "unitPattern-count-other": "{0} kHz"
          },
          "frequency-megahertz": {
            "displayName": "MHz",
            "unitPattern-count-one": "{0} MHz",
            "unitPattern-count-other": "{0} MHz"
          },
          "length-astronomical-unit": {
            "displayName": "au",
            "unitPattern-count-one": "{0} au",
            "unitPattern-count-other": "{0} au"
          },
          "length-centimeter": {
            "displayName": "ሴንቲሜትር",
            "unitPattern-count-one": "{0} ሴሜ",
            "unitPattern-count-other": "{0} ሴሜ"
          },
          "length-decimeter": {
            "displayName": "dm",
            "unitPattern-count-one": "{0} dm",
            "unitPattern-count-other": "{0} dm"
          },
          "length-fathom": {
            "displayName": "fm",
            "unitPattern-count-other": "{0} fm"
          },
          "length-foot": {
            "displayName": "ጫማ",
            "unitPattern-count-one": "{0} ጫማ",
            "unitPattern-count-other": "{0} ጫማ"
          },
          "length-furlong": {
            "displayName": "fur",
            "unitPattern-count-other": "{0} fur"
          },
          "length-inch": {
            "displayName": "ኢንች",
            "unitPattern-count-one": "{0} ኢንች",
            "unitPattern-count-other": "{0} ኢንች"
          },
          "length-kilometer": {
            "displayName": "ኪሎሜትር",
            "unitPattern-count-one": "{0} ኪሜ",
            "unitPattern-count-other": "{0} ኪሜ"
          },
          "length-light-year": {
            "displayName": "የብርሃን ዓመት",
            "unitPattern-count-one": "{0} ly",
            "unitPattern-count-other": "{0} ly"
          },
          "length-meter": {
            "displayName": "ሜትር",
            "unitPattern-count-one": "{0} ሜ",
            "unitPattern-count-other": "{0} ሜ"
          },
          "length-micrometer": {
            "displayName": "µm",
            "unitPattern-count-one": "{0} µm",
            "unitPattern-count-other": "{0} µm"
          },
          "length-mile": {
            "displayName": "ማይል",
            "unitPattern-count-one": "{0} ማይል",
            "unitPattern-count-other": "{0} ማይል"
          },
          "length-millimeter": {
            "displayName": "ሚሊሜትር",
            "unitPattern-count-one": "{0} ሚሜ",
            "unitPattern-count-other": "{0} ሚሜ"
          },
          "length-nanometer": {
            "displayName": "nm",
            "unitPattern-count-one": "{0} nm",
            "unitPattern-count-other": "{0} nm"
          },
          "length-nautical-mile": {
            "displayName": "nmi",
            "unitPattern-count-one": "{0} nmi",
            "unitPattern-count-other": "{0} nmi"
          },
          "length-parsec": {
            "displayName": "pc",
            "unitPattern-count-one": "{0} pc",
            "unitPattern-count-other": "{0} pc"
          },
          "length-picometer": {
            "displayName": "ፒኮሜትር",
            "unitPattern-count-one": "{0} ፒሜ",
            "unitPattern-count-other": "{0} ፒሜ"
          },
          "length-yard": {
            "displayName": "ያርድ",
            "unitPattern-count-one": "{0} ያርድ",
            "unitPattern-count-other": "{0} ያርድ"
          },
          "light-lux": {
            "displayName": "lx",
            "unitPattern-count-one": "{0} lx",
            "unitPattern-count-other": "{0} lx"
          },
          "mass-carat": {
            "displayName": "CD",
            "unitPattern-count-one": "{0} CD",
            "unitPattern-count-other": "{0} CD"
          },
          "mass-gram": {
            "displayName": "ግራም",
            "unitPattern-count-one": "{0} ግ",
            "unitPattern-count-other": "{0} ግ"
          },
          "mass-kilogram": {
            "displayName": "ኪሎግራም",
            "unitPattern-count-one": "{0} ኪግ",
            "unitPattern-count-other": "{0} ኪግ"
          },
          "mass-metric-ton": {
            "displayName": "t",
            "unitPattern-count-one": "{0} t",
            "unitPattern-count-other": "{0} t"
          },
          "mass-microgram": {
            "displayName": "µg",
            "unitPattern-count-one": "{0} µg",
            "unitPattern-count-other": "{0} µg"
          },
          "mass-milligram": {
            "displayName": "mg",
            "unitPattern-count-one": "{0} mg",
            "unitPattern-count-other": "{0} mg"
          },
          "mass-ounce": {
            "displayName": "አውንስ",
            "unitPattern-count-one": "{0} አውንስ",
            "unitPattern-count-other": "{0} አውንስ"
          },
          "mass-ounce-troy": {
            "displayName": "oz t",
            "unitPattern-count-one": "{0} oz t",
            "unitPattern-count-other": "{0} oz t"
          },
          "mass-pound": {
            "displayName": "ፓውንድ",
            "unitPattern-count-one": "{0} ፓውንድ",
            "unitPattern-count-other": "{0} ፓውንድ"
          },
          "mass-stone": {
            "displayName": "st",
            "unitPattern-count-other": "{0} st"
          },
          "mass-ton": {
            "displayName": "ቶን",
            "unitPattern-count-one": "{0} ቶን",
            "unitPattern-count-other": "{0} ቶን"
          },
          "power-gigawatt": {
            "displayName": "GW",
            "unitPattern-count-one": "{0} GW",
            "unitPattern-count-other": "{0} GW"
          },
          "power-horsepower": {
            "displayName": "የፈረስ ጉልበት",
            "unitPattern-count-one": "{0} የፈረስ ጉልበት",
            "unitPattern-count-other": "{0} የፈረስ ጉልበት"
          },
          "power-kilowatt": {
            "displayName": "ኪሎዋት",
            "unitPattern-count-one": "{0} ኪዋ",
            "unitPattern-count-other": "{0} ኪዋ"
          },
          "power-megawatt": {
            "displayName": "MW",
            "unitPattern-count-one": "{0} MW",
            "unitPattern-count-other": "{0} MW"
          },
          "power-milliwatt": {
            "displayName": "mW",
            "unitPattern-count-one": "{0} mW",
            "unitPattern-count-other": "{0} mW"
          },
          "power-watt": {
            "displayName": "ዋት",
            "unitPattern-count-one": "{0} ዋ",
            "unitPattern-count-other": "{0} ዋ"
          },
          "pressure-hectopascal": {
            "displayName": "ሄክቶፓስካል",
            "unitPattern-count-one": "{0} ሄክቶፓስካል",
            "unitPattern-count-other": "{0} ሄክቶፓስካል"
          },
          "pressure-inch-hg": {
            "displayName": "ኢንች ሜርኩሪ",
            "unitPattern-count-one": "{0} ኢንች ሜርኩሪ",
            "unitPattern-count-other": "{0} ኢንች ሜርኩሪ"
          },
          "pressure-millibar": {
            "displayName": "ሚሊባር",
            "unitPattern-count-one": "{0} ሚባ",
            "unitPattern-count-other": "{0} ሚባ"
          },
          "pressure-millimeter-of-mercury": {
            "displayName": "mm Hg",
            "unitPattern-count-one": "{0} mm Hg",
            "unitPattern-count-other": "{0} mm Hg"
          },
          "pressure-pound-per-square-inch": {
            "displayName": "psi",
            "unitPattern-count-one": "{0} psi",
            "unitPattern-count-other": "{0} psi"
          },
          "proportion-karat": {
            "displayName": "ካራት",
            "unitPattern-count-one": "{0} ካራት",
            "unitPattern-count-other": "{0} ካራት"
          },
          "speed-kilometer-per-hour": {
            "displayName": "ኪሎሜትር በሰዓት",
            "unitPattern-count-one": "{0} ኪሜ/ሰ",
            "unitPattern-count-other": "{0} ኪሜ/ሰ"
          },
          "speed-meter-per-second": {
            "displayName": "ሜትር በሰከንድ",
            "unitPattern-count-one": "{0} ሜ/ሴ",
            "unitPattern-count-other": "{0} ሜ/ሴ"
          },
          "speed-mile-per-hour": {
            "displayName": "ማይል በሰዓት",
            "unitPattern-count-one": "{0} ማይል/ሰ",
            "unitPattern-count-other": "{0} ማይል/ሰ"
          },
          "temperature-celsius": {
            "displayName": "ዲግሪ ሴልሺየስ",
            "unitPattern-count-one": "{0}°ሴ",
            "unitPattern-count-other": "{0}°ሴ"
          },
          "temperature-fahrenheit": {
            "displayName": "ዲግሪ ፋራንሃይት",
            "unitPattern-count-one": "{0}°ፋ",
            "unitPattern-count-other": "{0}°ፋ"
          },
          "temperature-kelvin": {
            "displayName": "K",
            "unitPattern-count-one": "{0} K",
            "unitPattern-count-other": "{0} K"
          },
          "volume-acre-foot": {
            "displayName": "ac ft",
            "unitPattern-count-one": "{0} ac ft",
            "unitPattern-count-other": "{0} ac ft"
          },
          "volume-bushel": {
            "displayName": "bu",
            "unitPattern-count-other": "{0} bu"
          },
          "volume-centiliter": {
            "displayName": "cL",
            "unitPattern-count-one": "{0} cL",
            "unitPattern-count-other": "{0} cL"
          },
          "volume-cubic-centimeter": {
            "displayName": "cm³",
            "unitPattern-count-one": "{0} cm³",
            "unitPattern-count-other": "{0} cm³"
          },
          "volume-cubic-foot": {
            "displayName": "ft³",
            "unitPattern-count-one": "{0} ft³",
            "unitPattern-count-other": "{0} ft³"
          },
          "volume-cubic-inch": {
            "displayName": "in³",
            "unitPattern-count-one": "{0} in³",
            "unitPattern-count-other": "{0} in³"
          },
          "volume-cubic-kilometer": {
            "displayName": "ኩቢክ ኪሎሜትር",
            "unitPattern-count-one": "{0} ኪሜ³",
            "unitPattern-count-other": "{0} ኪሜ³"
          },
          "volume-cubic-meter": {
            "displayName": "m³",
            "unitPattern-count-one": "{0} m³",
            "unitPattern-count-other": "{0} m³"
          },
          "volume-cubic-mile": {
            "displayName": "ኩቢክ ማይል",
            "unitPattern-count-one": "{0} ማይል³",
            "unitPattern-count-other": "{0} ማይል³"
          },
          "volume-cubic-yard": {
            "displayName": "yd³",
            "unitPattern-count-one": "{0} yd³",
            "unitPattern-count-other": "{0} yd³"
          },
          "volume-cup": {
            "displayName": "cup",
            "unitPattern-count-one": "{0} c",
            "unitPattern-count-other": "{0} c"
          },
          "volume-deciliter": {
            "displayName": "dL",
            "unitPattern-count-one": "{0} dL",
            "unitPattern-count-other": "{0} dL"
          },
          "volume-fluid-ounce": {
            "displayName": "fl oz",
            "unitPattern-count-one": "{0} fl oz",
            "unitPattern-count-other": "{0} fl oz"
          },
          "volume-gallon": {
            "displayName": "gal",
            "unitPattern-count-one": "{0} gal",
            "unitPattern-count-other": "{0} gal"
          },
          "volume-hectoliter": {
            "displayName": "hL",
            "unitPattern-count-one": "{0} hL",
            "unitPattern-count-other": "{0} hL"
          },
          "volume-liter": {
            "displayName": "ሊትር",
            "unitPattern-count-one": "{0} ሊ",
            "unitPattern-count-other": "{0} ሊ"
          },
          "volume-megaliter": {
            "displayName": "ML",
            "unitPattern-count-one": "{0} ML",
            "unitPattern-count-other": "{0} ML"
          },
          "volume-milliliter": {
            "displayName": "mL",
            "unitPattern-count-one": "{0} mL",
            "unitPattern-count-other": "{0} mL"
          },
          "volume-pint": {
            "displayName": "pt",
            "unitPattern-count-one": "{0} pt",
            "unitPattern-count-other": "{0} pt"
          },
          "volume-quart": {
            "displayName": "qt",
            "unitPattern-count-one": "{0} qt",
            "unitPattern-count-other": "{0} qt"
          },
          "volume-tablespoon": {
            "displayName": "tbsp",
            "unitPattern-count-one": "{0} tbsp",
            "unitPattern-count-other": "{0} tbsp"
          },
          "volume-teaspoon": {
            "displayName": "tsp",
            "unitPattern-count-one": "{0} tsp",
            "unitPattern-count-other": "{0} tsp"
          }
        },
        "narrow": {
          "per": {
            "compoundUnitPattern": "{0}/{1}"
          },
          "acceleration-g-force": {
            "displayName": "ጂ-ኃይል",
            "unitPattern-count-one": "{0} ጂ",
            "unitPattern-count-other": "{0} ጂ"
          },
          "acceleration-meter-per-second-squared": {
            "displayName": "m/s²",
            "unitPattern-count-one": "{0} m/s²",
            "unitPattern-count-other": "{0} m/s²"
          },
          "angle-arc-minute": {
            "displayName": "ደቂቃ",
            "unitPattern-count-one": "{0}′",
            "unitPattern-count-other": "{0}′"
          },
          "angle-arc-second": {
            "displayName": "ሰከንድ",
            "unitPattern-count-one": "{0}″",
            "unitPattern-count-other": "{0}″"
          },
          "angle-degree": {
            "displayName": "ዲግሪ",
            "unitPattern-count-one": "{0}°",
            "unitPattern-count-other": "{0}°"
          },
          "angle-radian": {
            "displayName": "rad",
            "unitPattern-count-one": "{0} rad",
            "unitPattern-count-other": "{0} rad"
          },
          "area-acre": {
            "displayName": "ኤክር",
            "unitPattern-count-one": "{0} ኤክር",
            "unitPattern-count-other": "{0} ኤክር"
          },
          "area-hectare": {
            "displayName": "ሄክታር",
            "unitPattern-count-one": "{0} ሄክታር",
            "unitPattern-count-other": "{0} ሄክታር"
          },
          "area-square-centimeter": {
            "displayName": "cm²",
            "unitPattern-count-one": "{0} cm²",
            "unitPattern-count-other": "{0} cm²"
          },
          "area-square-foot": {
            "displayName": "ካሬ ጫማ",
            "unitPattern-count-one": "{0} ጫማ²",
            "unitPattern-count-other": "{0} ጫማ²"
          },
          "area-square-inch": {
            "displayName": "in²",
            "unitPattern-count-one": "{0} in²",
            "unitPattern-count-other": "{0} in²"
          },
          "area-square-kilometer": {
            "displayName": "ካሬ ኪሎሜትር",
            "unitPattern-count-one": "{0} ኪሜ²",
            "unitPattern-count-other": "{0} ኪሜ²"
          },
          "area-square-meter": {
            "displayName": "ካሬ ሜትር",
            "unitPattern-count-one": "{0} ሜ²",
            "unitPattern-count-other": "{0} ሜ²"
          },
          "area-square-mile": {
            "displayName": "ካሬ ማይል",
            "unitPattern-count-one": "{0} ማይል²",
            "unitPattern-count-other": "{0} ማይል²"
          },
          "area-square-yard": {
            "displayName": "yd²",
            "unitPattern-count-one": "{0} yd²",
            "unitPattern-count-other": "{0} yd²"
          },
          "consumption-liter-per-kilometer": {
            "displayName": "ሊ/ኪሜ",
            "unitPattern-count-one": "{0} ሊ/ኪሜ",
            "unitPattern-count-other": "{0} ሊ/ኪሜ"
          },
          "consumption-mile-per-gallon": {
            "displayName": "mpg",
            "unitPattern-count-one": "{0} mpg",
            "unitPattern-count-other": "{0} mpg"
          },
          "digital-bit": {
            "displayName": "ቢት",
            "unitPattern-count-one": "{0} ቢት",
            "unitPattern-count-other": "{0} ቢት"
          },
          "digital-byte": {
            "displayName": "ባይት",
            "unitPattern-count-one": "{0} ባይት",
            "unitPattern-count-other": "{0} ባይት"
          },
          "digital-gigabit": {
            "displayName": "ጊባይት",
            "unitPattern-count-one": "{0} ጊባይት",
            "unitPattern-count-other": "{0} ጊባይት"
          },
          "digital-gigabyte": {
            "displayName": "ጊባ",
            "unitPattern-count-one": "{0} ጊባ",
            "unitPattern-count-other": "{0} ጊባ"
          },
          "digital-kilobit": {
            "displayName": "ኪባይት",
            "unitPattern-count-one": "{0} ኪባይት",
            "unitPattern-count-other": "{0} ኪባይት"
          },
          "digital-kilobyte": {
            "displayName": "ኪባ",
            "unitPattern-count-one": "{0} ኪባ",
            "unitPattern-count-other": "{0} ኪባ"
          },
          "digital-megabit": {
            "displayName": "ሜባ",
            "unitPattern-count-one": "{0} ሜባ",
            "unitPattern-count-other": "{0} ሜባ"
          },
          "digital-megabyte": {
            "displayName": "ሜባይት",
            "unitPattern-count-one": "{0} ሜባይት",
            "unitPattern-count-other": "{0} ሜባይት"
          },
          "digital-terabit": {
            "displayName": "ቴባ",
            "unitPattern-count-one": "{0} ቴባ",
            "unitPattern-count-other": "{0} ቴባ"
          },
          "digital-terabyte": {
            "displayName": "ቴባይት",
            "unitPattern-count-one": "{0} ቴባይት",
            "unitPattern-count-other": "{0} ቴባይት"
          },
          "duration-day": {
            "displayName": "ቀናት",
            "unitPattern-count-one": "{0} ቀ",
            "unitPattern-count-other": "{0} ቀ"
          },
          "duration-hour": {
            "displayName": "ሰዓቶች",
            "unitPattern-count-one": "{0} ሰ",
            "unitPattern-count-other": "{0} ሰ",
            "perUnitPattern": "{0}/ሰ"
          },
          "duration-microsecond": {
            "displayName": "ማይክሮሰከንድ",
            "unitPattern-count-one": "{0} ማይክሮሰከንድ",
            "unitPattern-count-other": "{0} ማይክሮሰከንድ"
          },
          "duration-millisecond": {
            "displayName": "ሚሊሰከንድ",
            "unitPattern-count-one": "{0} ሚሴ",
            "unitPattern-count-other": "{0} ሚሴ"
          },
          "duration-minute": {
            "displayName": "ደቂቃዎች",
            "unitPattern-count-one": "{0} ደ",
            "unitPattern-count-other": "{0} ደ"
          },
          "duration-month": {
            "displayName": "ወራት",
            "unitPattern-count-one": "{0} ወር",
            "unitPattern-count-other": "{0} ወር"
          },
          "duration-nanosecond": {
            "displayName": "ናኖሰከንድ",
            "unitPattern-count-one": "{0} ናኖሰከንድ",
            "unitPattern-count-other": "{0} ናኖሰከንድ"
          },
          "duration-second": {
            "displayName": "ሰከንድ",
            "unitPattern-count-one": "{0} ሰ",
            "unitPattern-count-other": "{0} ሰ",
            "perUnitPattern": "{0}/ሰከ"
          },
          "duration-week": {
            "displayName": "ሳምንታት",
            "unitPattern-count-one": "{0} ሳምንት",
            "unitPattern-count-other": "{0} ሳምንት"
          },
          "duration-year": {
            "displayName": "ዓመታት",
            "unitPattern-count-one": "{0} ዓመት",
            "unitPattern-count-other": "{0} ዓ"
          },
          "electric-ampere": {
            "displayName": "amp",
            "unitPattern-count-one": "{0} A",
            "unitPattern-count-other": "{0} A"
          },
          "electric-milliampere": {
            "displayName": "mA",
            "unitPattern-count-one": "{0} mA",
            "unitPattern-count-other": "{0} mA"
          },
          "electric-ohm": {
            "displayName": "ohm",
            "unitPattern-count-one": "{0} Ω",
            "unitPattern-count-other": "{0} Ω"
          },
          "electric-volt": {
            "displayName": "volt",
            "unitPattern-count-one": "{0} V",
            "unitPattern-count-other": "{0} V"
          },
          "energy-calorie": {
            "displayName": "cal",
            "unitPattern-count-one": "{0} cal",
            "unitPattern-count-other": "{0} cal"
          },
          "energy-foodcalorie": {
            "displayName": "Cal",
            "unitPattern-count-one": "{0} Cal",
            "unitPattern-count-other": "{0} Cal"
          },
          "energy-joule": {
            "displayName": "joule",
            "unitPattern-count-one": "{0} J",
            "unitPattern-count-other": "{0} J"
          },
          "energy-kilocalorie": {
            "displayName": "kcal",
            "unitPattern-count-one": "{0} kcal",
            "unitPattern-count-other": "{0} kcal"
          },
          "energy-kilojoule": {
            "displayName": "kJ",
            "unitPattern-count-one": "{0} kJ",
            "unitPattern-count-other": "{0} kJ"
          },
          "energy-kilowatt-hour": {
            "displayName": "kWh",
            "unitPattern-count-one": "{0} kWh",
            "unitPattern-count-other": "{0} kWh"
          },
          "frequency-gigahertz": {
            "displayName": "GHz",
            "unitPattern-count-one": "{0} GHz",
            "unitPattern-count-other": "{0} GHz"
          },
          "frequency-hertz": {
            "displayName": "Hz",
            "unitPattern-count-one": "{0} Hz",
            "unitPattern-count-other": "{0} Hz"
          },
          "frequency-kilohertz": {
            "displayName": "kHz",
            "unitPattern-count-one": "{0} kHz",
            "unitPattern-count-other": "{0} kHz"
          },
          "frequency-megahertz": {
            "displayName": "MHz",
            "unitPattern-count-one": "{0} MHz",
            "unitPattern-count-other": "{0} MHz"
          },
          "length-astronomical-unit": {
            "displayName": "au",
            "unitPattern-count-one": "{0} au",
            "unitPattern-count-other": "{0} au"
          },
          "length-centimeter": {
            "displayName": "ሴንቲሜትር",
            "unitPattern-count-one": "{0} ሴሜ",
            "unitPattern-count-other": "{0} ሴሜ"
          },
          "length-decimeter": {
            "displayName": "dm",
            "unitPattern-count-one": "{0} dm",
            "unitPattern-count-other": "{0} dm"
          },
          "length-fathom": {
            "displayName": "fm",
            "unitPattern-count-other": "{0} fm"
          },
          "length-foot": {
            "displayName": "ጫማ",
            "unitPattern-count-one": "{0} ጫማ",
            "unitPattern-count-other": "{0} ጫማ"
          },
          "length-furlong": {
            "displayName": "fur",
            "unitPattern-count-other": "{0} fur"
          },
          "length-inch": {
            "displayName": "ኢንች",
            "unitPattern-count-one": "{0} ኢንች",
            "unitPattern-count-other": "{0} ኢንች"
          },
          "length-kilometer": {
            "displayName": "ኪሎሜትር",
            "unitPattern-count-one": "{0} ኪሜ",
            "unitPattern-count-other": "{0} ኪሜ"
          },
          "length-light-year": {
            "displayName": "የብርሃን ዓመት",
            "unitPattern-count-one": "{0} ly",
            "unitPattern-count-other": "{0} ly"
          },
          "length-meter": {
            "displayName": "ሜትር",
            "unitPattern-count-one": "{0} ሜ",
            "unitPattern-count-other": "{0} ሜ"
          },
          "length-micrometer": {
            "displayName": "µm",
            "unitPattern-count-one": "{0} µm",
            "unitPattern-count-other": "{0} µm"
          },
          "length-mile": {
            "displayName": "ማይል",
            "unitPattern-count-one": "{0} ማይል",
            "unitPattern-count-other": "{0} ማይል"
          },
          "length-millimeter": {
            "displayName": "ሚሊሜትር",
            "unitPattern-count-one": "{0} ሚሜ",
            "unitPattern-count-other": "{0} ሚሜ"
          },
          "length-nanometer": {
            "displayName": "nm",
            "unitPattern-count-one": "{0} nm",
            "unitPattern-count-other": "{0} nm"
          },
          "length-nautical-mile": {
            "displayName": "nmi",
            "unitPattern-count-one": "{0} nmi",
            "unitPattern-count-other": "{0} nmi"
          },
          "length-parsec": {
            "displayName": "pc",
            "unitPattern-count-one": "{0} pc",
            "unitPattern-count-other": "{0} pc"
          },
          "length-picometer": {
            "displayName": "ፒኮሜትር",
            "unitPattern-count-one": "{0} ፒሜ",
            "unitPattern-count-other": "{0} ፒሜ"
          },
          "length-yard": {
            "displayName": "ያርድ",
            "unitPattern-count-one": "{0} ያርድ",
            "unitPattern-count-other": "{0} ያርድ"
          },
          "light-lux": {
            "displayName": "lx",
            "unitPattern-count-one": "{0} lx",
            "unitPattern-count-other": "{0} lx"
          },
          "mass-carat": {
            "displayName": "CD",
            "unitPattern-count-one": "{0} CD",
            "unitPattern-count-other": "{0} CD"
          },
          "mass-gram": {
            "displayName": "ግራም",
            "unitPattern-count-one": "{0} ግ",
            "unitPattern-count-other": "{0} ግ"
          },
          "mass-kilogram": {
            "displayName": "ኪሎግራም",
            "unitPattern-count-one": "{0} ኪግ",
            "unitPattern-count-other": "{0} ኪግ"
          },
          "mass-metric-ton": {
            "displayName": "t",
            "unitPattern-count-one": "{0} t",
            "unitPattern-count-other": "{0} t"
          },
          "mass-microgram": {
            "displayName": "µg",
            "unitPattern-count-one": "{0} µg",
            "unitPattern-count-other": "{0} µg"
          },
          "mass-milligram": {
            "displayName": "mg",
            "unitPattern-count-one": "{0} mg",
            "unitPattern-count-other": "{0} mg"
          },
          "mass-ounce": {
            "displayName": "አውንስ",
            "unitPattern-count-one": "{0} አውንስ",
            "unitPattern-count-other": "{0} አውንስ"
          },
          "mass-ounce-troy": {
            "displayName": "oz t",
            "unitPattern-count-one": "{0} oz t",
            "unitPattern-count-other": "{0} oz t"
          },
          "mass-pound": {
            "displayName": "ፓውንድ",
            "unitPattern-count-one": "{0} ፓውንድ",
            "unitPattern-count-other": "{0} ፓውንድ"
          },
          "mass-stone": {
            "displayName": "st",
            "unitPattern-count-other": "{0} st"
          },
          "mass-ton": {
            "displayName": "ቶን",
            "unitPattern-count-one": "{0} ቶን",
            "unitPattern-count-other": "{0} ቶን"
          },
          "power-gigawatt": {
            "displayName": "GW",
            "unitPattern-count-one": "{0} GW",
            "unitPattern-count-other": "{0} GW"
          },
          "power-horsepower": {
            "displayName": "የፈረስ ጉልበት",
            "unitPattern-count-one": "{0} የፈረስ ኃይል",
            "unitPattern-count-other": "{0} የፈረስ ኃይል"
          },
          "power-kilowatt": {
            "displayName": "ኪሎዋት",
            "unitPattern-count-one": "{0} ኪዋ",
            "unitPattern-count-other": "{0} ኪዋ"
          },
          "power-megawatt": {
            "displayName": "MW",
            "unitPattern-count-one": "{0} MW",
            "unitPattern-count-other": "{0} MW"
          },
          "power-milliwatt": {
            "displayName": "mW",
            "unitPattern-count-one": "{0} mW",
            "unitPattern-count-other": "{0} mW"
          },
          "power-watt": {
            "displayName": "ዋት",
            "unitPattern-count-one": "{0} ዋ",
            "unitPattern-count-other": "{0} ዋ"
          },
          "pressure-hectopascal": {
            "displayName": "ሄክቶፓስካል",
            "unitPattern-count-one": "{0} hPa",
            "unitPattern-count-other": "{0} hPa"
          },
          "pressure-inch-hg": {
            "displayName": "ኢንች ሜርኩሪ",
            "unitPattern-count-one": "{0} inHg",
            "unitPattern-count-other": "{0} inHg"
          },
          "pressure-millibar": {
            "displayName": "ሚሊባር",
            "unitPattern-count-one": "{0} ሚባ",
            "unitPattern-count-other": "{0} ሚባ"
          },
          "pressure-millimeter-of-mercury": {
            "displayName": "mm Hg",
            "unitPattern-count-one": "{0} mm Hg",
            "unitPattern-count-other": "{0} mm Hg"
          },
          "pressure-pound-per-square-inch": {
            "displayName": "psi",
            "unitPattern-count-one": "{0} psi",
            "unitPattern-count-other": "{0} psi"
          },
          "proportion-karat": {
            "displayName": "ካራት",
            "unitPattern-count-one": "{0} ካራት",
            "unitPattern-count-other": "{0} ካራት"
          },
          "speed-kilometer-per-hour": {
            "displayName": "ኪሎሜትር በሰዓት",
            "unitPattern-count-one": "{0} ኪሜ/ሰ",
            "unitPattern-count-other": "{0} ኪሜ/ሰ"
          },
          "speed-meter-per-second": {
            "displayName": "ሜትር በሰከንድ",
            "unitPattern-count-one": "{0} ሜ/ሴ",
            "unitPattern-count-other": "{0} ሜ/ሴ"
          },
          "speed-mile-per-hour": {
            "displayName": "ማይል በሰዓት",
            "unitPattern-count-one": "{0} ማይል/ሰ",
            "unitPattern-count-other": "{0} ማይል/ሰ"
          },
          "temperature-celsius": {
            "displayName": "ዲግሪ ሴልሺየስ",
            "unitPattern-count-one": "{0}°",
            "unitPattern-count-other": "{0}°"
          },
          "temperature-fahrenheit": {
            "displayName": "ዲግሪ ፋራንሃይት",
            "unitPattern-count-one": "{0}°ፋ",
            "unitPattern-count-other": "{0}°ፋ"
          },
          "temperature-kelvin": {
            "displayName": "K",
            "unitPattern-count-one": "{0} K",
            "unitPattern-count-other": "{0} K"
          },
          "volume-acre-foot": {
            "displayName": "ac ft",
            "unitPattern-count-one": "{0} ac ft",
            "unitPattern-count-other": "{0} ac ft"
          },
          "volume-bushel": {
            "displayName": "bu",
            "unitPattern-count-other": "{0} bu"
          },
          "volume-centiliter": {
            "displayName": "cL",
            "unitPattern-count-one": "{0} cL",
            "unitPattern-count-other": "{0} cL"
          },
          "volume-cubic-centimeter": {
            "displayName": "cm³",
            "unitPattern-count-one": "{0} cm³",
            "unitPattern-count-other": "{0} cm³"
          },
          "volume-cubic-foot": {
            "displayName": "ft³",
            "unitPattern-count-one": "{0} ft³",
            "unitPattern-count-other": "{0} ft³"
          },
          "volume-cubic-inch": {
            "displayName": "in³",
            "unitPattern-count-one": "{0} in³",
            "unitPattern-count-other": "{0} in³"
          },
          "volume-cubic-kilometer": {
            "displayName": "ኩቢክ ኪሎሜትር",
            "unitPattern-count-one": "{0} ኪሜ³",
            "unitPattern-count-other": "{0} ኪሜ³"
          },
          "volume-cubic-meter": {
            "displayName": "m³",
            "unitPattern-count-one": "{0} m³",
            "unitPattern-count-other": "{0} m³"
          },
          "volume-cubic-mile": {
            "displayName": "ኩቢክ ማይል",
            "unitPattern-count-one": "{0} ማይል³",
            "unitPattern-count-other": "{0} ማይል³"
          },
          "volume-cubic-yard": {
            "displayName": "yd³",
            "unitPattern-count-one": "{0} yd³",
            "unitPattern-count-other": "{0} yd³"
          },
          "volume-cup": {
            "displayName": "cup",
            "unitPattern-count-one": "{0} c",
            "unitPattern-count-other": "{0} c"
          },
          "volume-deciliter": {
            "displayName": "dL",
            "unitPattern-count-one": "{0} dL",
            "unitPattern-count-other": "{0} dL"
          },
          "volume-fluid-ounce": {
            "displayName": "fl oz",
            "unitPattern-count-one": "{0} fl oz",
            "unitPattern-count-other": "{0} fl oz"
          },
          "volume-gallon": {
            "displayName": "gal",
            "unitPattern-count-one": "{0} gal",
            "unitPattern-count-other": "{0} gal"
          },
          "volume-hectoliter": {
            "displayName": "hL",
            "unitPattern-count-one": "{0} hL",
            "unitPattern-count-other": "{0} hL"
          },
          "volume-liter": {
            "displayName": "ሊትር",
            "unitPattern-count-one": "{0} ሊ",
            "unitPattern-count-other": "{0} ሊ"
          },
          "volume-megaliter": {
            "displayName": "ML",
            "unitPattern-count-one": "{0} ML",
            "unitPattern-count-other": "{0} ML"
          },
          "volume-milliliter": {
            "displayName": "mL",
            "unitPattern-count-one": "{0} mL",
            "unitPattern-count-other": "{0} mL"
          },
          "volume-pint": {
            "displayName": "pt",
            "unitPattern-count-one": "{0} pt",
            "unitPattern-count-other": "{0} pt"
          },
          "volume-quart": {
            "displayName": "qt",
            "unitPattern-count-one": "{0} qt",
            "unitPattern-count-other": "{0} qt"
          },
          "volume-tablespoon": {
            "displayName": "tbsp",
            "unitPattern-count-one": "{0} tbsp",
            "unitPattern-count-other": "{0} tbsp"
          },
          "volume-teaspoon": {
            "displayName": "tsp",
            "unitPattern-count-one": "{0} tsp",
            "unitPattern-count-other": "{0} tsp"
          }
        },
        "durationUnit-type-hm": {
          "durationUnitPattern": "h:mm"
        },
        "durationUnit-type-hms": {
          "durationUnitPattern": "h:mm:ss"
        },
        "durationUnit-type-ms": {
          "durationUnitPattern": "m:ss"
        }
      }
    }
  }
}
