{
  "main": {
    "cs": {
      "identity": {
        "version": {
          "_cldrVersion": "26",
          "_number": "$Revision: 10809 $"
        },
        "generation": {
          "_date": "$Date: 2014-08-14 15:10:07 -0500 (Thu, 14 Aug 2014) $"
        },
        "language": "cs"
      },
      "contextTransforms": {
        "day-format-except-narrow": {
          "uiListOrMenu": "titlecase-firstword"
        },
        "day-standalone-except-narrow": {
          "uiListOrMenu": "titlecase-firstword"
        },
        "languages": {
          "uiListOrMenu": "titlecase-firstword",
          "stand-alone": "titlecase-firstword"
        },
        "month-format-except-narrow": {
          "uiListOrMenu": "titlecase-firstword"
        },
        "month-standalone-except-narrow": {
          "uiListOrMenu": "titlecase-firstword"
        },
        "relative": {
          "uiListOrMenu": "titlecase-firstword",
          "stand-alone": "titlecase-firstword"
        }
      }
    }
  }
}
