{
  "main": {
    "cs": {
      "identity": {
        "version": {
          "_cldrVersion": "26",
          "_number": "$Revision: 10809 $"
        },
        "generation": {
          "_date": "$Date: 2014-08-14 15:10:07 -0500 (Thu, 14 Aug 2014) $"
        },
        "language": "cs"
      },
      "dates": {
        "fields": {
          "era": {
            "displayName": "Letopočet"
          },
          "year": {
            "displayName": "Rok",
            "relative-type--1": "minulý rok",
            "relative-type-0": "tento rok",
            "relative-type-1": "příští rok",
            "relativeTime-type-future": {
              "relativeTimePattern-count-one": "za {0} rok",
              "relativeTimePattern-count-few": "za {0} roky",
              "relativeTimePattern-count-many": "za {0} roku",
              "relativeTimePattern-count-other": "za {0} let"
            },
            "relativeTime-type-past": {
              "relativeTimePattern-count-one": "před {0} rokem",
              "relativeTimePattern-count-few": "před {0} lety",
              "relativeTimePattern-count-many": "před {0} rokem",
              "relativeTimePattern-count-other": "před {0} lety"
            }
          },
          "year-short": {
            "displayName": "r.",
            "relative-type--1": "minulý rok",
            "relative-type-0": "tento rok",
            "relative-type-1": "příští rok",
            "relativeTime-type-future": {
              "relativeTimePattern-count-one": "za {0} r.",
              "relativeTimePattern-count-few": "za {0} r.",
              "relativeTimePattern-count-many": "za {0} r.",
              "relativeTimePattern-count-other": "za {0} l."
            },
            "relativeTime-type-past": {
              "relativeTimePattern-count-one": "před {0} r.",
              "relativeTimePattern-count-few": "před {0} r.",
              "relativeTimePattern-count-many": "před {0} r.",
              "relativeTimePattern-count-other": "před {0} l."
            }
          },
          "year-narrow": {
            "displayName": "r.",
            "relative-type--1": "minulý rok",
            "relative-type-0": "tento rok",
            "relative-type-1": "příští rok",
            "relativeTime-type-future": {
              "relativeTimePattern-count-one": "za {0} r.",
              "relativeTimePattern-count-few": "za {0} r.",
              "relativeTimePattern-count-many": "za {0} r.",
              "relativeTimePattern-count-other": "za {0} l."
            },
            "relativeTime-type-past": {
              "relativeTimePattern-count-one": "před {0} r.",
              "relativeTimePattern-count-few": "před {0} r.",
              "relativeTimePattern-count-many": "před {0} r.",
              "relativeTimePattern-count-other": "před {0} l."
            }
          },
          "quarter": {
            "displayName": "Čtvrtletí",
            "relative-type--1": "last quarter",
            "relative-type-0": "this quarter",
            "relative-type-1": "next quarter",
            "relativeTime-type-future": {
              "relativeTimePattern-count-one": "za {0} čtvrtletí",
              "relativeTimePattern-count-few": "za {0} čtvrtletí",
              "relativeTimePattern-count-many": "za {0} čtvrtletí",
              "relativeTimePattern-count-other": "za {0} čtvrtletí"
            },
            "relativeTime-type-past": {
              "relativeTimePattern-count-one": "před {0} čtvrtletím",
              "relativeTimePattern-count-few": "před {0} čtvrtletími",
              "relativeTimePattern-count-many": "před {0} čtvrtletím",
              "relativeTimePattern-count-other": "před {0} čtvrtletími"
            }
          },
          "quarter-short": {
            "displayName": "Q",
            "relative-type--1": "last quarter",
            "relative-type-0": "this quarter",
            "relative-type-1": "next quarter",
            "relativeTime-type-future": {
              "relativeTimePattern-count-one": "+{0} Q",
              "relativeTimePattern-count-few": "+{0} Q",
              "relativeTimePattern-count-many": "+{0} Q",
              "relativeTimePattern-count-other": "+{0} Q"
            },
            "relativeTime-type-past": {
              "relativeTimePattern-count-one": "-{0} Q",
              "relativeTimePattern-count-few": "-{0} Q",
              "relativeTimePattern-count-many": "-{0} Q",
              "relativeTimePattern-count-other": "-{0} Q"
            }
          },
          "quarter-narrow": {
            "displayName": "Q",
            "relative-type--1": "last quarter",
            "relative-type-0": "this quarter",
            "relative-type-1": "next quarter",
            "relativeTime-type-future": {
              "relativeTimePattern-count-one": "+{0} Q",
              "relativeTimePattern-count-few": "+{0} Q",
              "relativeTimePattern-count-many": "+{0} Q",
              "relativeTimePattern-count-other": "+{0} Q"
            },
            "relativeTime-type-past": {
              "relativeTimePattern-count-one": "-{0} Q",
              "relativeTimePattern-count-few": "-{0} Q",
              "relativeTimePattern-count-many": "-{0} Q",
              "relativeTimePattern-count-other": "-{0} Q"
            }
          },
          "month": {
            "displayName": "Měsíc",
            "relative-type--1": "minulý měsíc",
            "relative-type-0": "tento měsíc",
            "relative-type-1": "příští měsíc",
            "relativeTime-type-future": {
              "relativeTimePattern-count-one": "za {0} měsíc",
              "relativeTimePattern-count-few": "za {0} měsíce",
              "relativeTimePattern-count-many": "za {0} měsíce",
              "relativeTimePattern-count-other": "za {0} měsíců"
            },
            "relativeTime-type-past": {
              "relativeTimePattern-count-one": "před {0} měsícem",
              "relativeTimePattern-count-few": "před {0} měsíci",
              "relativeTimePattern-count-many": "před {0} měsícem",
              "relativeTimePattern-count-other": "před {0} měsíci"
            }
          },
          "month-short": {
            "displayName": "měs.",
            "relative-type--1": "minulý měsíc",
            "relative-type-0": "tento měsíc",
            "relative-type-1": "příští měsíc",
            "relativeTime-type-future": {
              "relativeTimePattern-count-one": "za {0} měs.",
              "relativeTimePattern-count-few": "za {0} měs.",
              "relativeTimePattern-count-many": "za {0} měs.",
              "relativeTimePattern-count-other": "za {0} měs."
            },
            "relativeTime-type-past": {
              "relativeTimePattern-count-one": "před {0} měs.",
              "relativeTimePattern-count-few": "před {0} měs.",
              "relativeTimePattern-count-many": "před {0} měs.",
              "relativeTimePattern-count-other": "před {0} měs."
            }
          },
          "month-narrow": {
            "displayName": "měs.",
            "relative-type--1": "minulý měsíc",
            "relative-type-0": "tento měsíc",
            "relative-type-1": "příští měsíc",
            "relativeTime-type-future": {
              "relativeTimePattern-count-one": "za {0} měs.",
              "relativeTimePattern-count-few": "za {0} měs.",
              "relativeTimePattern-count-many": "za {0} měs.",
              "relativeTimePattern-count-other": "za {0} měs."
            },
            "relativeTime-type-past": {
              "relativeTimePattern-count-one": "před {0} měs.",
              "relativeTimePattern-count-few": "před {0} měs.",
              "relativeTimePattern-count-many": "před {0} měs.",
              "relativeTimePattern-count-other": "před {0} měs."
            }
          },
          "week": {
            "displayName": "Týden",
            "relative-type--1": "minulý týden",
            "relative-type-0": "tento týden",
            "relative-type-1": "příští týden",
            "relativeTime-type-future": {
              "relativeTimePattern-count-one": "za {0} týden",
              "relativeTimePattern-count-few": "za {0} týdny",
              "relativeTimePattern-count-many": "za {0} týdne",
              "relativeTimePattern-count-other": "za {0} týdnů"
            },
            "relativeTime-type-past": {
              "relativeTimePattern-count-one": "před {0} týdnem",
              "relativeTimePattern-count-few": "před {0} týdny",
              "relativeTimePattern-count-many": "před {0} týdnem",
              "relativeTimePattern-count-other": "před {0} týdny"
            }
          },
          "week-short": {
            "displayName": "týd.",
            "relative-type--1": "minulý týden",
            "relative-type-0": "tento týden",
            "relative-type-1": "příští týden",
            "relativeTime-type-future": {
              "relativeTimePattern-count-one": "za {0} týd.",
              "relativeTimePattern-count-few": "za {0} týd.",
              "relativeTimePattern-count-many": "za {0} týd.",
              "relativeTimePattern-count-other": "za {0} týd."
            },
            "relativeTime-type-past": {
              "relativeTimePattern-count-one": "před {0} týd.",
              "relativeTimePattern-count-few": "před {0} týd.",
              "relativeTimePattern-count-many": "před {0} týd.",
              "relativeTimePattern-count-other": "před {0} týd."
            }
          },
          "week-narrow": {
            "displayName": "týd.",
            "relative-type--1": "minulý týden",
            "relative-type-0": "tento týden",
            "relative-type-1": "příští týden",
            "relativeTime-type-future": {
              "relativeTimePattern-count-one": "za {0} týd.",
              "relativeTimePattern-count-few": "za {0} týd.",
              "relativeTimePattern-count-many": "za {0} týd.",
              "relativeTimePattern-count-other": "za {0} týd."
            },
            "relativeTime-type-past": {
              "relativeTimePattern-count-one": "před {0} týd.",
              "relativeTimePattern-count-few": "před {0} týd.",
              "relativeTimePattern-count-many": "před {0} týd.",
              "relativeTimePattern-count-other": "před {0} týd."
            }
          },
          "day": {
            "displayName": "Den",
            "relative-type--1": "včera",
            "relative-type--2": "předevčírem",
            "relative-type-0": "dnes",
            "relative-type-1": "zítra",
            "relative-type-2": "pozítří",
            "relativeTime-type-future": {
              "relativeTimePattern-count-one": "za {0} den",
              "relativeTimePattern-count-few": "za {0} dny",
              "relativeTimePattern-count-many": "za {0} dne",
              "relativeTimePattern-count-other": "za {0} dní"
            },
            "relativeTime-type-past": {
              "relativeTimePattern-count-one": "před {0} dnem",
              "relativeTimePattern-count-few": "před {0} dny",
              "relativeTimePattern-count-many": "před {0} dnem",
              "relativeTimePattern-count-other": "před {0} dny"
            }
          },
          "day-short": {
            "displayName": "den",
            "relative-type--1": "včera",
            "relative-type--2": "předevčírem",
            "relative-type-0": "dnes",
            "relative-type-1": "zítra",
            "relative-type-2": "pozítří",
            "relativeTime-type-future": {
              "relativeTimePattern-count-one": "za {0} den",
              "relativeTimePattern-count-few": "za {0} dny",
              "relativeTimePattern-count-many": "za {0} dne",
              "relativeTimePattern-count-other": "za {0} dní"
            },
            "relativeTime-type-past": {
              "relativeTimePattern-count-one": "před {0} dnem",
              "relativeTimePattern-count-few": "před {0} dny",
              "relativeTimePattern-count-many": "před {0} dnem",
              "relativeTimePattern-count-other": "před {0} dny"
            }
          },
          "day-narrow": {
            "displayName": "den",
            "relative-type--1": "včera",
            "relative-type--2": "předevčírem",
            "relative-type-0": "dnes",
            "relative-type-1": "zítra",
            "relative-type-2": "pozítří",
            "relativeTime-type-future": {
              "relativeTimePattern-count-one": "za {0} den",
              "relativeTimePattern-count-few": "za {0} dny",
              "relativeTimePattern-count-many": "za {0} dne",
              "relativeTimePattern-count-other": "za {0} dní"
            },
            "relativeTime-type-past": {
              "relativeTimePattern-count-one": "před {0} dnem",
              "relativeTimePattern-count-few": "před {0} dny",
              "relativeTimePattern-count-many": "před {0} dnem",
              "relativeTimePattern-count-other": "před {0} dny"
            }
          },
          "weekday": {
            "displayName": "Den v týdnu"
          },
          "sun": {
            "relative-type--1": "minulou neděli",
            "relative-type-0": "tuto neděli",
            "relative-type-1": "příští neděli"
          },
          "sun-short": {
            "relative-type--1": "minulou neděli",
            "relative-type-0": "tuto neděli",
            "relative-type-1": "příští neděli"
          },
          "sun-narrow": {
            "relative-type--1": "minulou neděli",
            "relative-type-0": "tuto neděli",
            "relative-type-1": "příští neděli"
          },
          "mon": {
            "relative-type--1": "minulé pondělí",
            "relative-type-0": "toto pondělí",
            "relative-type-1": "příští pondělí"
          },
          "mon-short": {
            "relative-type--1": "minulé pondělí",
            "relative-type-0": "toto pondělí",
            "relative-type-1": "příští pondělí"
          },
          "mon-narrow": {
            "relative-type--1": "minulé pondělí",
            "relative-type-0": "toto pondělí",
            "relative-type-1": "příští pondělí"
          },
          "tue": {
            "relative-type--1": "minulé úterý",
            "relative-type-0": "toto úterý",
            "relative-type-1": "příští úterý"
          },
          "tue-short": {
            "relative-type--1": "minulé úterý",
            "relative-type-0": "toto úterý",
            "relative-type-1": "příští úterý"
          },
          "tue-narrow": {
            "relative-type--1": "minulé úterý",
            "relative-type-0": "toto úterý",
            "relative-type-1": "příští úterý"
          },
          "wed": {
            "relative-type--1": "minulou středu",
            "relative-type-0": "tuto středu",
            "relative-type-1": "příští středu"
          },
          "wed-short": {
            "relative-type--1": "minulou středu",
            "relative-type-0": "tuto středu",
            "relative-type-1": "příští středu"
          },
          "wed-narrow": {
            "relative-type--1": "minulou středu",
            "relative-type-0": "tuto středu",
            "relative-type-1": "příští středu"
          },
          "thu": {
            "relative-type--1": "minulý čtvrtek",
            "relative-type-0": "tento čtvrtek",
            "relative-type-1": "příští čtvrtek"
          },
          "thu-short": {
            "relative-type--1": "minulý čtvrtek",
            "relative-type-0": "tento čtvrtek",
            "relative-type-1": "příští čtvrtek"
          },
          "thu-narrow": {
            "relative-type--1": "minulý čtvrtek",
            "relative-type-0": "tento čtvrtek",
            "relative-type-1": "příští čtvrtek"
          },
          "fri": {
            "relative-type--1": "minulý pátek",
            "relative-type-0": "tento pátek",
            "relative-type-1": "příští pátek"
          },
          "fri-short": {
            "relative-type--1": "minulý pátek",
            "relative-type-0": "tento pátek",
            "relative-type-1": "příští pátek"
          },
          "fri-narrow": {
            "relative-type--1": "minulý pátek",
            "relative-type-0": "tento pátek",
            "relative-type-1": "příští pátek"
          },
          "sat": {
            "relative-type--1": "minulou sobotu",
            "relative-type-0": "tuto sobotu",
            "relative-type-1": "příští sobotu"
          },
          "sat-short": {
            "relative-type--1": "minulou sobotu",
            "relative-type-0": "tuto sobotu",
            "relative-type-1": "příští sobotu"
          },
          "sat-narrow": {
            "relative-type--1": "minulou sobotu",
            "relative-type-0": "tuto sobotu",
            "relative-type-1": "příští sobotu"
          },
          "dayperiod": {
            "displayName": "AM/PM"
          },
          "hour": {
            "displayName": "Hodina",
            "relativeTime-type-future": {
              "relativeTimePattern-count-one": "za {0} hodinu",
              "relativeTimePattern-count-few": "za {0} hodiny",
              "relativeTimePattern-count-many": "za {0} hodiny",
              "relativeTimePattern-count-other": "za {0} hodin"
            },
            "relativeTime-type-past": {
              "relativeTimePattern-count-one": "před {0} hodinou",
              "relativeTimePattern-count-few": "před {0} hodinami",
              "relativeTimePattern-count-many": "před {0} hodinou",
              "relativeTimePattern-count-other": "před {0} hodinami"
            }
          },
          "hour-short": {
            "displayName": "h",
            "relativeTime-type-future": {
              "relativeTimePattern-count-one": "za {0} h",
              "relativeTimePattern-count-few": "za {0} h",
              "relativeTimePattern-count-many": "za {0} h",
              "relativeTimePattern-count-other": "za {0} h"
            },
            "relativeTime-type-past": {
              "relativeTimePattern-count-one": "před {0} h",
              "relativeTimePattern-count-few": "před {0} h",
              "relativeTimePattern-count-many": "před {0} h",
              "relativeTimePattern-count-other": "před {0} h"
            }
          },
          "hour-narrow": {
            "displayName": "h",
            "relativeTime-type-future": {
              "relativeTimePattern-count-one": "za {0} h",
              "relativeTimePattern-count-few": "za {0} h",
              "relativeTimePattern-count-many": "za {0} h",
              "relativeTimePattern-count-other": "za {0} h"
            },
            "relativeTime-type-past": {
              "relativeTimePattern-count-one": "před {0} h",
              "relativeTimePattern-count-few": "před {0} h",
              "relativeTimePattern-count-many": "před {0} h",
              "relativeTimePattern-count-other": "před {0} h"
            }
          },
          "minute": {
            "displayName": "Minuta",
            "relativeTime-type-future": {
              "relativeTimePattern-count-one": "za {0} minutu",
              "relativeTimePattern-count-few": "za {0} minuty",
              "relativeTimePattern-count-many": "za {0} minuty",
              "relativeTimePattern-count-other": "za {0} minut"
            },
            "relativeTime-type-past": {
              "relativeTimePattern-count-one": "před {0} minutou",
              "relativeTimePattern-count-few": "před {0} minutami",
              "relativeTimePattern-count-many": "před {0} minutou",
              "relativeTimePattern-count-other": "před {0} minutami"
            }
          },
          "minute-short": {
            "displayName": "min",
            "relativeTime-type-future": {
              "relativeTimePattern-count-one": "za {0} min",
              "relativeTimePattern-count-few": "za {0} min",
              "relativeTimePattern-count-many": "za {0} min",
              "relativeTimePattern-count-other": "za {0} min"
            },
            "relativeTime-type-past": {
              "relativeTimePattern-count-one": "před {0} min",
              "relativeTimePattern-count-few": "před {0} min",
              "relativeTimePattern-count-many": "před {0} min",
              "relativeTimePattern-count-other": "před {0} min"
            }
          },
          "minute-narrow": {
            "displayName": "min",
            "relativeTime-type-future": {
              "relativeTimePattern-count-one": "za {0} min",
              "relativeTimePattern-count-few": "za {0} min",
              "relativeTimePattern-count-many": "za {0} min",
              "relativeTimePattern-count-other": "za {0} min"
            },
            "relativeTime-type-past": {
              "relativeTimePattern-count-one": "před {0} min",
              "relativeTimePattern-count-few": "před {0} min",
              "relativeTimePattern-count-many": "před {0} min",
              "relativeTimePattern-count-other": "před {0} min"
            }
          },
          "second": {
            "displayName": "Sekunda",
            "relative-type-0": "nyní",
            "relativeTime-type-future": {
              "relativeTimePattern-count-one": "za {0} sekundu",
              "relativeTimePattern-count-few": "za {0} sekundy",
              "relativeTimePattern-count-many": "za {0} sekundy",
              "relativeTimePattern-count-other": "za {0} sekund"
            },
            "relativeTime-type-past": {
              "relativeTimePattern-count-one": "před {0} sekundou",
              "relativeTimePattern-count-few": "před {0} sekundami",
              "relativeTimePattern-count-many": "před {0} sekundou",
              "relativeTimePattern-count-other": "před {0} sekundami"
            }
          },
          "second-short": {
            "displayName": "s",
            "relative-type-0": "nyní",
            "relativeTime-type-future": {
              "relativeTimePattern-count-one": "za {0} s",
              "relativeTimePattern-count-few": "za {0} s",
              "relativeTimePattern-count-many": "za {0} s",
              "relativeTimePattern-count-other": "za {0} s"
            },
            "relativeTime-type-past": {
              "relativeTimePattern-count-one": "před {0} s",
              "relativeTimePattern-count-few": "před {0} s",
              "relativeTimePattern-count-many": "před {0} s",
              "relativeTimePattern-count-other": "před {0} s"
            }
          },
          "second-narrow": {
            "displayName": "s",
            "relative-type-0": "nyní",
            "relativeTime-type-future": {
              "relativeTimePattern-count-one": "za {0} s",
              "relativeTimePattern-count-few": "za {0} s",
              "relativeTimePattern-count-many": "za {0} s",
              "relativeTimePattern-count-other": "za {0} s"
            },
            "relativeTime-type-past": {
              "relativeTimePattern-count-one": "před {0} s",
              "relativeTimePattern-count-few": "před {0} s",
              "relativeTimePattern-count-many": "před {0} s",
              "relativeTimePattern-count-other": "před {0} s"
            }
          },
          "zone": {
            "displayName": "Časové pásmo"
          }
        }
      }
    }
  }
}
