{
  "main": {
    "en-CA": {
      "identity": {
        "version": {
          "_cldrVersion": "26",
          "_number": "$Revision: 10819 $"
        },
        "generation": {
          "_date": "$Date: 2014-08-14 22:53:08 -0500 (Thu, 14 Aug 2014) $"
        },
        "language": "en",
        "territory": "CA"
      },
      "layout": {
        "orientation": {
          "characterOrder": "left-to-right",
          "lineOrder": "top-to-bottom"
        }
      }
    }
  }
}
