{
  "main": {
    "af-NA": {
      "identity": {
        "version": {
          "_cldrVersion": "26",
          "_number": "$Revision: 10819 $"
        },
        "generation": {
          "_date": "$Date: 2014-08-14 22:53:08 -0500 (Thu, 14 Aug 2014) $"
        },
        "language": "af",
        "territory": "NA"
      },
      "dates": {
        "calendars": {
          "gregorian": {
            "months": {
              "format": {
                "abbreviated": {
                  "1": "Jan.",
                  "2": "Feb.",
                  "3": "Mrt.",
                  "4": "Apr",
                  "5": "Mei",
                  "6": "Jun",
                  "7": "Jul",
                  "8": "Aug",
                  "9": "Sep",
                  "10": "Okt",
                  "11": "Nov",
                  "12": "Des"
                },
                "narrow": {
                  "1": "J",
                  "2": "F",
                  "3": "M",
                  "4": "A",
                  "5": "M",
                  "6": "J",
                  "7": "J",
                  "8": "A",
                  "9": "S",
                  "10": "O",
                  "11": "N",
                  "12": "D"
                },
                "wide": {
                  "1": "Januarie",
                  "2": "Februarie",
                  "3": "Maart",
                  "4": "April",
                  "5": "Mei",
                  "6": "Junie",
                  "7": "Julie",
                  "8": "Augustus",
                  "9": "September",
                  "10": "Oktober",
                  "11": "November",
                  "12": "Desember"
                }
              },
              "stand-alone": {
                "abbreviated": {
                  "1": "Jan.",
                  "2": "Feb.",
                  "3": "Mrt.",
                  "4": "Apr",
                  "5": "Mei",
                  "6": "Jun",
                  "7": "Jul",
                  "8": "Aug",
                  "9": "Sep",
                  "10": "Okt",
                  "11": "Nov",
                  "12": "Des"
                },
                "narrow": {
                  "1": "J",
                  "2": "F",
                  "3": "M",
                  "4": "A",
                  "5": "M",
                  "6": "J",
                  "7": "J",
                  "8": "A",
                  "9": "S",
                  "10": "O",
                  "11": "N",
                  "12": "D"
                },
                "wide": {
                  "1": "Januarie",
                  "2": "Februarie",
                  "3": "Maart",
                  "4": "April",
                  "5": "Mei",
                  "6": "Junie",
                  "7": "Julie",
                  "8": "Augustus",
                  "9": "September",
                  "10": "Oktober",
                  "11": "November",
                  "12": "Desember"
                }
              }
            },
            "days": {
              "format": {
                "abbreviated": {
                  "sun": "So",
                  "mon": "Ma",
                  "tue": "Di",
                  "wed": "Wo",
                  "thu": "Do",
                  "fri": "Vr",
                  "sat": "Sa"
                },
                "narrow": {
                  "sun": "S",
                  "mon": "M",
                  "tue": "D",
                  "wed": "W",
                  "thu": "D",
                  "fri": "V",
                  "sat": "S"
                },
                "short": {
                  "sun": "So.",
                  "mon": "Ma.",
                  "tue": "Di.",
                  "wed": "Wo.",
                  "thu": "Do.",
                  "fri": "Vr.",
                  "sat": "Sa."
                },
                "wide": {
                  "sun": "Sondag",
                  "mon": "Maandag",
                  "tue": "Dinsdag",
                  "wed": "Woensdag",
                  "thu": "Donderdag",
                  "fri": "Vrydag",
                  "sat": "Saterdag"
                }
              },
              "stand-alone": {
                "abbreviated": {
                  "sun": "So",
                  "mon": "Ma",
                  "tue": "Di",
                  "wed": "Wo",
                  "thu": "Do",
                  "fri": "Vr",
                  "sat": "Sa"
                },
                "narrow": {
                  "sun": "S",
                  "mon": "M",
                  "tue": "D",
                  "wed": "W",
                  "thu": "D",
                  "fri": "V",
                  "sat": "S"
                },
                "short": {
                  "sun": "So.",
                  "mon": "Ma.",
                  "tue": "Di.",
                  "wed": "Wo.",
                  "thu": "Do.",
                  "fri": "Vr.",
                  "sat": "Sa."
                },
                "wide": {
                  "sun": "Sondag",
                  "mon": "Maandag",
                  "tue": "Dinsdag",
                  "wed": "Woensdag",
                  "thu": "Donderdag",
                  "fri": "Vrydag",
                  "sat": "Saterdag"
                }
              }
            },
            "quarters": {
              "format": {
                "abbreviated": {
                  "1": "K1",
                  "2": "K2",
                  "3": "K3",
                  "4": "K4"
                },
                "narrow": {
                  "1": "1",
                  "2": "2",
                  "3": "3",
                  "4": "4"
                },
                "wide": {
                  "1": "1ste kwartaal",
                  "2": "2de kwartaal",
                  "3": "3de kwartaal",
                  "4": "4de kwartaal"
                }
              },
              "stand-alone": {
                "abbreviated": {
                  "1": "K1",
                  "2": "K2",
                  "3": "K3",
                  "4": "K4"
                },
                "narrow": {
                  "1": "1",
                  "2": "2",
                  "3": "3",
                  "4": "4"
                },
                "wide": {
                  "1": "1ste kwartaal",
                  "2": "2de kwartaal",
                  "3": "3de kwartaal",
                  "4": "4de kwartaal"
                }
              }
            },
            "dayPeriods": {
              "format": {
                "abbreviated": {
                  "am": "vm.",
                  "noon": "middag",
                  "pm": "nm."
                },
                "narrow": {
                  "am": "v",
                  "noon": "m",
                  "pm": "n"
                },
                "wide": {
                  "am": "vm.",
                  "noon": "middag",
                  "pm": "nm."
                }
              },
              "stand-alone": {
                "abbreviated": {
                  "am": "vm.",
                  "noon": "middag",
                  "pm": "nm."
                },
                "narrow": {
                  "am": "v",
                  "noon": "m",
                  "pm": "n"
                },
                "wide": {
                  "am": "vm.",
                  "noon": "middag",
                  "pm": "nm."
                }
              }
            },
            "eras": {
              "eraNames": {
                "0": "voor Christus",
                "0-alt-variant": "v.g.j.",
                "1": "na Christus",
                "1-alt-variant": "g.j."
              },
              "eraAbbr": {
                "0": "v.C.",
                "0-alt-variant": "v.g.j.",
                "1": "n.C.",
                "1-alt-variant": "g.j."
              },
              "eraNarrow": {
                "0": "v.C.",
                "0-alt-variant": "vgj",
                "1": "n.C.",
                "1-alt-variant": "vg"
              }
            },
            "dateFormats": {
              "full": "EEEE d MMMM y",
              "long": "d MMMM y",
              "medium": "d MMM y",
              "short": "y-MM-dd"
            },
            "timeFormats": {
              "full": "HH:mm:ss zzzz",
              "long": "HH:mm:ss z",
              "medium": "HH:mm:ss",
              "short": "HH:mm"
            },
            "dateTimeFormats": {
              "full": "{1} {0}",
              "long": "{1} {0}",
              "medium": "{1} {0}",
              "short": "{1} {0}",
              "availableFormats": {
                "E": "ccc",
                "EHm": "E HH:mm",
                "EHms": "E HH:mm:ss",
                "Ed": "E d",
                "Ehm": "E hh:mm a",
                "Ehms": "E hh:mm:ss a",
                "Gy": "y G",
                "GyMMM": "MMM y G",
                "GyMMMEd": "E, dd MMM y G",
                "GyMMMd": "dd MMM y G",
                "H": "HH",
                "Hm": "HH:mm",
                "Hms": "HH:mm:ss",
                "M": "L",
                "MEd": "E, d/M",
                "MMM": "LLL",
                "MMMEd": "E d MMM",
                "MMMMEd": "E d MMMM",
                "MMMMd": "d MMM",
                "MMMMdd": "dd MMMM",
                "MMMd": "d MMM",
                "Md": "dd-MM",
                "d": "d",
                "h": "h a",
                "hm": "h:mm a",
                "hms": "h:mm:ss a",
                "ms": "mm:ss",
                "y": "y",
                "yM": "MM-y",
                "yMEd": "E y-MM-dd",
                "yMMM": "MMM y",
                "yMMMEd": "E, d MMM y",
                "yMMMM": "MMMM y",
                "yMMMd": "d MMM y",
                "yMd": "y-MM-dd",
                "yQQQ": "QQQ y",
                "yQQQQ": "QQQQ y"
              },
              "appendItems": {
                "Day": "{0} ({2}: {1})",
                "Day-Of-Week": "{0} {1}",
                "Era": "{1} {0}",
                "Hour": "{0} ({2}: {1})",
                "Minute": "{0} ({2}: {1})",
                "Month": "{0} ({2}: {1})",
                "Quarter": "{0} ({2}: {1})",
                "Second": "{0} ({2}: {1})",
                "Timezone": "{0} {1}",
                "Week": "{0} ({2}: {1})",
                "Year": "{1} {0}"
              },
              "intervalFormats": {
                "intervalFormatFallback": "{0} – {1}",
                "H": {
                  "H": "HH–HH"
                },
                "Hm": {
                  "H": "HH:mm–HH:mm",
                  "m": "HH:mm–HH:mm"
                },
                "Hmv": {
                  "H": "HH:mm–HH:mm v",
                  "m": "HH:mm–HH:mm v"
                },
                "Hv": {
                  "H": "HH–HH v"
                },
                "M": {
                  "M": "M–M"
                },
                "MEd": {
                  "M": "E, M/d – E, M/d",
                  "d": "E, M/d – E, M/d"
                },
                "MMM": {
                  "M": "MMM–MMM"
                },
                "MMMEd": {
                  "M": "E, MMM d – E, MMM d",
                  "d": "E, MMM d – E, MMM d"
                },
                "MMMd": {
                  "M": "MMM d – MMM d",
                  "d": "MMM d–d"
                },
                "Md": {
                  "M": "M/d – M/d",
                  "d": "M/d – M/d"
                },
                "d": {
                  "d": "d–d"
                },
                "h": {
                  "a": "h a – h a",
                  "h": "h–h a"
                },
                "hm": {
                  "a": "h:mm a – h:mm a",
                  "h": "h:mm–h:mm a",
                  "m": "h:mm–h:mm a"
                },
                "hmv": {
                  "a": "h:mm a – h:mm a v",
                  "h": "h:mm–h:mm a v",
                  "m": "h:mm–h:mm a v"
                },
                "hv": {
                  "a": "h a – h a v",
                  "h": "h–h a v"
                },
                "y": {
                  "y": "y–y"
                },
                "yM": {
                  "M": "M/y – M/y",
                  "y": "M/y – M/y"
                },
                "yMEd": {
                  "M": "E, M/d/y – E, M/d/y",
                  "d": "E, M/d/y – E, M/d/y",
                  "y": "E, M/d/y – E, M/d/y"
                },
                "yMMM": {
                  "M": "MMM–MMM y",
                  "y": "MMM y – MMM y"
                },
                "yMMMEd": {
                  "M": "E, d MMM – E, d MMM, y",
                  "d": "E, d MMM – E, d MMM, y",
                  "y": "E, MMM d, y – E, MMM d, y"
                },
                "yMMMM": {
                  "M": "MMMM–MMMM y",
                  "y": "MMMM y – MMMM y"
                },
                "yMMMd": {
                  "M": "MMM d – MMM d, y",
                  "d": "d–d MMM, y",
                  "y": "d MMM, y – d MMM, y"
                },
                "yMd": {
                  "M": "M/d/y – M/d/y",
                  "d": "M/d/y – M/d/y",
                  "y": "M/d/y – M/d/y"
                }
              }
            }
          }
        }
      }
    }
  }
}
