{
  "main": {
    "af-NA": {
      "identity": {
        "version": {
          "_cldrVersion": "26",
          "_number": "$Revision: 10819 $"
        },
        "generation": {
          "_date": "$Date: 2014-08-14 22:53:08 -0500 (Thu, 14 Aug 2014) $"
        },
        "language": "af",
        "territory": "NA"
      },
      "characters": {
        "exemplarCharacters": "[a á â b c d e é è ê ë f g h i î ï j k l m n o ô ö p q r s t u û v w x y z]",
        "auxiliary": "[à ä ã æ ç í ì ó ò ú ù ü ý]",
        "punctuation": "[\\- ‐ – — , ; \\: ! ? . … ' ‘ ’ \" “ ” ( ) \\[ \\] § @ * / \\& # † ‡ ′ ″]",
        "index": "[A B C D E F G H I J K L M N O P Q R S T U V W X Y Z]",
        "ellipsis": {
          "initial": "…{0}",
          "medial": "{0}…{1}",
          "final": "{0}…",
          "word-initial": "… {0}",
          "word-medial": "{0} … {1}",
          "word-final": "{0} …"
        },
        "moreInformation": "?"
      }
    }
  }
}
